"ppe","esm","efm","egdd","points","class"
-202.899993896484,-5.59999990463257,10.6000003814697,1176,54.431999206543,301
-186.199996948242,-3.40000009536743,15,1089,45.8877601623535,301
-194,-2.09999990463257,15.5,1070,44.0201988220215,401
-174.899993896484,1.79999995231628,19.7000007629395,1002,37.3256988525391,401
-173.399993896484,2.59999990463257,21.2000007629395,1000,37.0480003356934,401
-159.800003051758,3.59999990463257,22.3999996185303,970,34.1879997253418,401
-184.899993896484,-5.90000009536743,13,1138,50.7280197143555,301
-168.199996948242,4.09999990463257,22.7999992370605,979,34.9854888916016,401
-158.300003051758,-2.70000004768372,17.5,1062,43.206241607666,401
-192.199996948242,-8,12.3999996185303,1160,52.9536018371582,301
-204.699996948242,-3.5,15.1999998092651,1091,46.0705299377441,301
-134.800003051758,0.200000002980232,21.1000003814697,1001,37.2408714294434,401
-238.600006103516,-7.90000009536743,9.30000019073486,1175,54.5444984436035,311
-258.600006103516,-10,6.19999980926514,1225,59.6124992370605,311
-164.100006103516,-0.200000002980232,19.8999996185303,1008,37.956241607666,401
-261,-7.19999980926514,7.59999990463257,1237,60.4895210266113,211
-245.100006103516,-5.30000019073486,11.1000003814697,1204,57.0296783447266,311
-218.199996948242,-13.3999996185303,7.19999980926514,1257,62.822338104248,201
-144.199996948242,2.29999995231628,23.2000007629395,963,33.5593490600586,401
-267.600006103516,-9.89999961853027,5.40000009536743,1244,61.469799041748,211
-187.399993896484,-1.5,17.7999992370605,1050,42.0164985656738,401
-262.399993896484,-9,6.40000009536743,1235,60.4901008605957,211
-245.399993896484,-2.29999995231628,17.1000003814697,1202,56.2990417480469,311
-225.699996948242,-4.09999990463257,12.8999996185303,1155,52.2365989685059,311
-237.399993896484,-13.6000003814697,5.59999990463257,1251,62.3657989501953,211
-250.600006103516,-3,18.5,1230,58.8735008239746,311
-234.300003051758,-6.59999990463257,10.8000001907349,1173,54.1943397521973,311
-200.600006103516,-1,18.6000003814697,1099,46.5267601013184,301
-242.899993896484,-8.89999961853027,8.69999980926514,1197,56.7269401550293,311
-233.399993896484,-16.1000003814697,4.80000019073486,1296,66.9064788818359,211
-235.600006103516,-17.7999992370605,2.5,1321,69.5981292724609,211
-158.600006103516,3.79999995231628,25.2000007629395,985,35.4584999084473,401
-235.899993896484,-18.8999996185303,2,1331,70.6803894042969,211
-116.599998474121,7,30.5,896,27.1924991607666,501
-256.700012207031,-12.6999998092651,4.69999980926514,1246,61.8867988586426,211
-251.600006103516,-2.5,20.8999996185303,1260,61.4855995178223,211
-249,-13.6000003814697,4.80000019073486,1241,61.4590797424316,211
-248.300003051758,-16.1000003814697,2.79999995231628,1284,65.8897171020508,211
-98.9000015258789,5.69999980926514,30.2000007629395,887,26.8288345336914,501
-254.600006103516,-13.3000001907349,4.69999980926514,1263,63.5551795959473,211
-254.899993896484,-2.09999990463257,22.3999996185303,1284,63.591480255127,211
-235.899993896484,-17.7000007629395,3.29999995231628,1306,68.0866394042969,211
-259.299987792969,-12.1000003814697,5,1251,62.3072090148926,211
-134.399993896484,0.5,24.6000003814697,991,36.1635894775391,401
-240.699996948242,-18.5,2.29999995231628,1325,70.0494995117188,211
-248.5,-14.3999996185303,4.59999990463257,1265,63.8266983032227,211
-253.5,-2.40000009536743,23.5,1306,65.5803375244141,211
-241.800003051758,-12.1000003814697,6.90000009536743,1241,61.2283210754395,211
-251.800003051758,-1.79999995231628,25.1000003814697,1298,64.6836624145508,211
-218.199996948242,-17.7999992370605,4.90000009536743,1296,67.0178375244141,201
-251.399993896484,-2.09999990463257,23.3999996185303,1290,64.0802993774414,211
-252.399993896484,-2.40000009536743,23.8999996185303,1299,64.9021530151367,211
-248.399993896484,-2.09999990463257,22.6000003814697,1273,62.5553512573242,211
-250.300003051758,-1.10000002384186,25.8999996185303,1295,64.301399230957,211
-247.399993896484,-0.400000005960464,26.3999996185303,1286,63.3863983154297,211
-241.600006103516,-16.5,3.40000009536743,1284,65.8760375976562,211
-83.4000015258789,8.30000019073486,32.7999992370605,839,24.4948558807373,501
-207.699996948242,-16.8999996185303,5,1260,63.4854011535645,201
-240.800003051758,0.800000011920929,27.2000007629395,1266,61.405200958252,211
-248.300003051758,-3.59999990463257,19.7999992370605,1258,61.4440383911133,211
-222.699996948242,2.79999995231628,30.1000003814697,1245,59.1529502868652,301
-181.899993896484,-14.3999996185303,11.1000003814697,1223,59.3905906677246,301
-176.100006103516,-13.1999998092651,13.3000001907349,1218,58.7038192749023,301
-88.3000030517578,8.10000038146973,32.2999992370605,848,24.9230403900146,501
-226.199996948242,-10.8000001907349,10.1000003814697,1225,59.4187507629395,311
-247.5,-1,25.6000003814697,1305,65.2406997680664,211
-177.199996948242,-4.59999990463257,17.6000003814697,1100,46.8499984741211,301
-179.899993896484,-14.1999998092651,9.69999980926514,1210,58.2244987487793,301
-230.399993896484,-16.8999996185303,4.09999990463257,1281,65.5666809082031,211
-222.100006103516,-12.8999996185303,9.19999980926514,1239,60.9414291381836,201
-216.600006103516,-16.2999992370605,6.19999980926514,1266,63.9426612854004,201
-187.5,-15.3999996185303,9.80000019073486,1241,61.2539596557617,201
-230.199996948242,-15.5,5.90000009536743,1267,64.0053176879883,211
-251.800003051758,-6.5,14.3000001907349,1250,61.2430000305176,211
-254.300003051758,-4.90000009536743,19.6000003814697,1302,65.6580581665039,211
-186.699996948242,-14.8999996185303,7.09999990463257,1202,57.6595611572266,301
-187.100006103516,-9.30000019073486,16.2999992370605,1176,54.3167991638184,301
-145.899993896484,-10.1000003814697,12.3999996185303,1115,48.8065490722656,301
-182.899993896484,-1.79999995231628,21.1000003814697,1076,44.3013191223145,401
-251.800003051758,-16,3.70000004768372,1317,68.9969100952148,211
-260.200012207031,-13.5,7.69999980926514,1297,66.6192626953125,211
-246.199996948242,-18.2000007629395,2.70000004768372,1309,68.4539489746094,211
-260.799987792969,-10.8999996185303,10.1999998092651,1301,66.6440734863281,211
-150.199996948242,0.100000001490116,24.1000003814697,1007,37.680061340332,401
-159.600006103516,-11.1999998092651,13.6999998092651,1167,53.7232513427734,301
-260.399993896484,-17.3999996185303,1.60000002384186,1348,72.2418365478516,211
-262.299987792969,-7.90000009536743,15,1316,67.5116424560547,211
-253.5,-4.09999990463257,21.8999996185303,1336,68.6099166870117,211
-238.199996948242,-19.7999992370605,1.20000004768372,1308,68.5768814086914,211
-117.099998474121,-5.69999980926514,15.5,1013,38.8302612304688,401
-208.100006103516,-17.2000007629395,4.40000009536743,1257,63.2559585571289,201
-257.899993896484,-19.2000007629395,1,1341,71.7436218261719,211
-263.799987792969,-13.8000001907349,8.69999980926514,1331,69.8178100585938,211
-264.5,-13.8000001907349,8.19999980926514,1326,69.3765563964844,211
-157.100006103516,-12.6000003814697,9.30000019073486,1145,51.9548492431641,301
-188.399993896484,-7.30000019073486,16.3999996185303,1133,50.1499710083008,301
-259.600006103516,-12.5,10.6999998092651,1333,69.7669372558594,211
-263.600006103516,-13.1999998092651,8.5,1320,68.7384033203125,211
-82,-1.10000002384186,21.2999992370605,942,31.7991600036621,401
-224.399993896484,1.20000004768372,29.3999996185303,1298,64.1741180419922,201
-257.700012207031,-19.7000007629395,0.899999976158142,1363,73.9194412231445,211
-104.599998474121,-1.89999997615814,17.5,952,32.8908805847168,401
-259.799987792969,-18,2,1371,74.4785995483398,211
-216.300003051758,-19,1.29999995231628,1271,64.9326705932617,201
-264.700012207031,-19,2.70000004768372,1345,71.9893493652344,211
-262.299987792969,-20,0.400000005960464,1379,75.1827850341797,211
-199.100006103516,-17.2000007629395,3.29999995231628,1237,61.4004287719727,201
-256.899993896484,-18.8999996185303,2.20000004768372,1379,75.3059310913086,211
-262.899993896484,-18.1000003814697,3.79999995231628,1327,70.104606628418,211
-257.100006103516,-19.8999996185303,1.29999995231628,1377,75.2602233886719,211
-253,-19.3999996185303,2.20000004768372,1374,74.8612823486328,211
-256.600006103516,-11.8999996185303,12,1363,72.4773712158203,211
-243.699996948242,-21.2999992370605,-0.699999988079071,1322,70.1278610229492,211
-251.300003051758,-22.6000003814697,-1.60000002384186,1358,73.7230834960938,211
-255.100006103516,-23.2999992370605,-1.89999997615814,1375,75.4307479858398,211
-248.600006103516,-6.80000019073486,20.6000003814697,1368,71.9001617431641,211
-242.800003051758,-2.90000009536743,25.1000003814697,1342,68.8427581787109,211
-152.100006103516,-8.19999980926514,8.60000038146973,1051,42.826961517334,401
-242.699996948242,-20.5,2.29999995231628,1352,72.8086395263672,211
-151.199996948242,-10.6999998092651,13.3000001907349,1153,52.3912200927734,301
-260.200012207031,-18,5.90000009536743,1337,70.9067687988281,211
-221.399993896484,-19.7999992370605,1.60000002384186,1281,65.9344177246094,201
-258.600006103516,-19.7000007629395,4.30000019073486,1338,71.2465209960938,211
-235.899993896484,-21.7999992370605,0,1326,70.5526809692383,211
-241.800003051758,-19.2000007629395,4.09999990463257,1364,73.733642578125,211
-232.800003051758,-18.8999996185303,6.30000019073486,1345,71.7136993408203,211
-165.899993896484,-10.3000001907349,5.5,1085,46.3078002929688,301
-217.199996948242,-17.1000003814697,8.5,1314,68.4440383911133,201
-232.300003051758,-21.3999996185303,2.70000004768372,1347,72.3618927001953,211
-229.5,-0.899999976158142,28.5,1327,67.058479309082,211
-124.599998474121,-7.09999990463257,17.5,1102,47.1679191589355,301
-112.699996948242,-7.69999980926514,15.1999998092651,1061,43.4492492675781,401
-154.699996948242,-11.1000003814697,20.6000003814697,1189,55.395450592041,301
-146.300003051758,-9.69999980926514,22.6000003814697,1183,54.6329307556152,301
-243.100006103516,-19.2999992370605,6.40000009536743,1311,68.4621887207031,211
-114.900001525879,-7.30000019073486,15,1045,41.9323501586914,401
-162.800003051758,-13.3999996185303,7.90000009536743,1166,54.081298828125,301
-196.5,-18.1000003814697,6.30000019073486,1270,64.4405975341797,201
-266.100006103516,-19.8999996185303,4.40000009536743,1339,71.3504486083984,211
-214.899993896484,-19.8999996185303,3.79999995231628,1292,66.854118347168,201
-227.300003051758,-1.5,28.8999996185303,1330,67.3498001098633,211
-91.9000015258789,-4.69999980926514,20.7999992370605,1023,39.5039710998535,401
-160.699996948242,-14,14.1000003814697,1220,58.893798828125,301
-83,-3.40000009536743,33.9000015258789,1053,41.6533508300781,401
-129.199996948242,-8.69999980926514,23.6000003814697,1130,49.5602989196777,301
-79,-3.40000009536743,21.1000003814697,990,36.3596992492676,401
-76.1999969482422,-1,22.1000003814697,948,32.3257217407227,401
-108.5,-3.29999995231628,15.6000003814697,981,35.7263717651367,401
-226.399993896484,-2.20000004768372,29.1000003814697,1335,67.8478469848633,211
-150.199996948242,-7.09999990463257,8.89999961853027,1049,42.5741806030273,401
-250.600006103516,-25.2999992370605,-3.5,1378,75.8783416748047,211
-234.5,-23.2000007629395,-0.699999988079071,1343,72.3087615966797,211
-235.800003051758,-13.3999996185303,14.3999996185303,1356,71.7444000244141,211
-235.899993896484,-7.69999980926514,22.7000007629395,1386,73.4909973144531,211
-230.600006103516,-3.5,27.2999992370605,1355,69.9281005859375,211
-198.300003051758,-17.3999996185303,11,1259,63.0267601013184,201
-243.399993896484,-24.3999996185303,-2,1359,73.9569625854492,211
-234.300003051758,-23,-0.100000001490116,1342,72.1966018676758,211
-215.5,-19.1000003814697,8.30000019073486,1295,66.7755966186523,201
-179.699996948242,-9.10000038146973,18.3999996185303,1185,55.030948638916,301
-231.899993896484,-22.6000003814697,0.400000005960464,1337,71.6511383056641,211
-240.300003051758,-23.3999996185303,-3.70000004768372,1329,70.9608612060547,211
-190.899993896484,-17.2999992370605,11.3000001907349,1242,61.3751983642578,201
-216.399993896484,-17.8999996185303,9.5,1271,64.3086395263672,201
-222.100006103516,-5.80000019073486,26,1357,70.385856628418,201
-141,-9.60000038146973,8,1065,44.2494010925293,401
-239.699996948242,-11.3999996185303,18,1392,74.7172775268555,211
-158.399993896484,-14,4.59999990463257,1134,51.2319602966309,301
-228.899993896484,-17.5,9.30000019073486,1266,63.8161201477051,211
-164,-4.30000019073486,26.7999992370605,1194,55.0934982299805,301
-170.800003051758,-9.10000038146973,7.30000019073486,1102,47.7803611755371,301
-132.600006103516,-4.69999980926514,24.3999996185303,1084,45.0265197753906,301
-153.5,-12,18.1000003814697,1159,52.7640113830566,301
-216.100006103516,-20.2999992370605,-2,1254,63.4576187133789,201
-97.8000030517578,-0.300000011920929,18.3999996185303,946,32.2437400817871,401
-193.600006103516,-16.7000007629395,8,1247,62.027889251709,201
-116.199996948242,-1.39999997615814,28.6000003814697,1057,42.1719589233398,401
-261.200012207031,-26.6000003814697,-8,1375,75.6865005493164,211
-255.600006103516,-25.2999992370605,-7.80000019073486,1347,72.8549118041992,211
-249.899993896484,-24.8999996185303,-7.40000009536743,1337,71.8501281738281,211
-168.100006103516,-8.80000019073486,7.09999990463257,1100,47.5849990844727,301
-136.899993896484,-6.30000019073486,10.1000003814697,1027,40.4027404785156,401
-95.5,0.600000023841858,30.2000007629395,1001,36.859920501709,401
-247,-24.2999992370605,-7.80000019073486,1312,69.3701629638672,211
-193.399993896484,-14.3999996185303,14,1215,58.4496002197266,301
-242.300003051758,-13.8000001907349,16.7999992370605,1419,77.218376159668,211
-144.399993896484,-11.3999996185303,7.90000009536743,1105,48.1517486572266,301
-121.599998474121,-7.5,23.6000003814697,1087,45.4809303283691,301
-98.3000030517578,2.09999990463257,32,1010,37.5518989562988,401
-240.300003051758,-14.5,16.2000007629395,1411,76.9071273803711,211
-201.899993896484,-15.3000001907349,-1,1183,56.2769889831543,301
-203.600006103516,-18.2000007629395,2.79999995231628,1249,62.6544609069824,201
-258.299987792969,-25.7000007629395,-8.5,1352,73.3726425170898,211
-117,-4.30000019073486,25.7999992370605,1056,42.339599609375,401
-138.899993896484,-2.20000004768372,31.3999996185303,1133,49.0786399841309,301
-168.899993896484,-13.3999996185303,4.30000019073486,1144,52.1750411987305,301
-192.899993896484,-13.3000001907349,1.70000004768372,1172,55.0035209655762,301
-110.699996948242,-1.10000002384186,30.2999992370605,1047,41.1597595214844,401
-204.399993896484,-17.3999996185303,-4.40000009536743,1162,54.3678817749023,301
-169.699996948242,-14.3999996185303,11.3999996185303,1182,55.464599609375,301
-158.100006103516,-9.80000019073486,20.3999996185303,1155,52.1366996765137,301
-237.199996948242,-23.1000003814697,-8.10000038146973,1295,67.6304473876953,211
-221.899993896484,-20,-8.19999980926514,1178,56.0660018920898,301
-194,-15.8000001907349,12.6000003814697,1233,60.3375587463379,201
-224.5,-20.3999996185303,-4.19999980926514,1280,65.9871978759766,201
-241.399993896484,-24.1000003814697,-4.5,1332,71.3041229248047,211
-191.300003051758,-16.3999996185303,3.29999995231628,1210,58.7490997314453,301
-114.800003051758,0.5,32,1053,41.5627517700195,401
-232.300003051758,-20.7999992370605,-9.10000038146973,1237,61.839958190918,211
-210.399993896484,-20.7000007629395,7,1283,65.8207092285156,201
-233.899993896484,-13.8000001907349,17.8999996185303,1406,76.2395401000977,211
-214.899993896484,-8.69999980926514,23.5,1357,70.7946395874023,201
-168.300003051758,-11.8000001907349,7,1163,53.755241394043,301
-176.5,-2.90000009536743,30,1251,60.0807914733887,201
-197.100006103516,-16.1000003814697,3.20000004768372,1227,60.3738288879395,201
-227.300003051758,-22.2000007629395,-5.19999980926514,1284,66.4984817504883,211
-208.199996948242,-7.90000009536743,24.5,1348,69.8183212280273,201
-225.800003051758,-21.8999996185303,-5.40000009536743,1277,65.7976303100586,211
-231.199996948242,-20.2999992370605,-8.19999980926514,1255,63.5546493530273,211
-211.100006103516,-18.2000007629395,-2.59999990463257,1238,61.7711601257324,201
-197.399993896484,-15,-0.200000002980232,1220,59.8300018310547,301
-185.800003051758,-16.7999992370605,12.8000001907349,1232,60.2928009033203,201
-237.300003051758,-22.7999992370605,-2.29999995231628,1328,70.8198394775391,211
-209,-17.2000007629395,-2,1231,61.0303192138672,201
-110.900001525879,-3.09999990463257,27.7000007629395,1047,41.3653793334961,401
-240.800003051758,-21.5,-9.89999961853027,1308,68.7822036743164,211
-158.5,-13.3999996185303,13.1999998092651,1158,53.0211601257324,301
-138.699996948242,-11.3000001907349,17.8999996185303,1125,49.5284996032715,301
-198.699996948242,-8.39999961853027,24.5,1327,67.89453125,201
-222.800003051758,-15.8000001907349,18.2999992370605,1355,71.536247253418,201
-206.899993896484,-13.3999996185303,18.8999996185303,1285,64.6982498168945,201
-199.399993896484,-16.2000007629395,1.20000004768372,1252,62.9179992675781,201
-233.600006103516,-20.8999996185303,-7,1318,69.7106170654297,211
-224.300003051758,-18.7000007629395,-7.5,1270,64.9029006958008,201
-184,-14.3999996185303,4.09999990463257,1202,57.81005859375,301
-152,-14.8999996185303,17,1181,55.0729904174805,301
-236.600006103516,-17.1000003814697,16.6000003814697,1415,77.4657516479492,211
-209.600006103516,-17.2000007629395,4,1264,63.9564819335938,201
-180.800003051758,-9.30000019073486,21.8999996185303,1205,56.7126998901367,301
-226.399993896484,-15.3999996185303,18.1000003814697,1389,74.7419662475586,211
-152.899993896484,-2,31.7000007629395,1210,56.1383018493652,301
-136.5,-12.8999996185303,19.6000003814697,1156,52.4474792480469,301
-185.100006103516,-19.5,7.5,1237,61.2793998718262,201
-253.5,-24.3999996185303,-9.5,1391,77.0750427246094,211
-180.5,-15.3000001907349,13.5,1235,60.4393005371094,201
-209.300003051758,-16.5,-0.100000001490116,1272,64.9487991333008,201
-259.600006103516,-25,-10.6000003814697,1398,76.1279983520508,211
-234.399993896484,-20.3999996185303,-6.30000019073486,1343,72.1007232666016,211
-154.100006103516,-14.1000003814697,16.7000007629395,1184,55.3281593322754,301
-211.300003051758,-11.3000001907349,21.7999992370605,1356,71.0261993408203,201
-229.300003051758,-21.3999996185303,-0.899999976158142,1313,69.2608184814453,211
-179.5,-15.1999998092651,4.09999990463257,1181,55.8399085998535,301
-124.199996948242,-10.5,22.7000007629395,1118,48.5780410766602,301
-191.800003051758,-13.6000003814697,16.3999996185303,1244,60.9996795654297,201
-186.300003051758,-17.1000003814697,2.70000004768372,1177,55.645881652832,301
-167.100006103516,-17.8999996185303,13.3999996185303,1211,58.3199501037598,301
-169.699996948242,-4.80000019073486,29.1000003814697,1254,60.5407791137695,201
-247.199996948242,-22.6000003814697,-9.80000019073486,1361,74.0148620605469,211
-150.600006103516,-15.3999996185303,10.6000003814697,1197,57.0015602111816,301
-121.599998474121,-9.5,23.1000003814697,1107,47.4754791259766,301
-161.5,-11.6000003814697,8.69999980926514,1185,55.7446517944336,301
-219.5,-14,20.8999996185303,1374,72.9959411621094,201
-184.100006103516,-19.6000003814697,10.6000003814697,1243,61.6637001037598,201
-177.300003051758,-6.30000019073486,28.1000003814697,1268,62.0037612915039,201
-149.899993896484,-15.6000003814697,12.6999998092651,1181,55.3634910583496,301
-170.699996948242,-4.59999990463257,28.7999992370605,1253,60.4547386169434,201
-161.399993896484,-13.1999998092651,7.5,1145,52.0856513977051,301
-239.600006103516,-22.1000003814697,-8,1383,76.1154327392578,211
-185.600006103516,-16.5,7,1218,59.2971000671387,301
-236,-24.2999992370605,-6.30000019073486,1379,75.8979721069336,211
-156.899993896484,-3.5,31.7000007629395,1216,56.7828788757324,301
-104.900001525879,-7,26.5,1068,43.5474014282227,401
-228.399993896484,-20.2000007629395,-4.90000009536743,1344,72.1828765869141,211
-208.300003051758,-19.2999992370605,1.10000002384186,1285,66.3217010498047,201
-166.399993896484,-3.29999995231628,29.7999992370605,1232,58.3652000427246,301
-222.199996948242,-22.2000007629395,-3.29999995231628,1347,72.6233367919922,201
-158.899993896484,-10.6999998092651,10,1174,54.5701789855957,301
-239.800003051758,-24.1000003814697,-7.5,1390,76.9539031982422,211
-239.199996948242,-18.3999996185303,17.5,1430,78.1259460449219,211
-231.300003051758,-18,17.2999992370605,1419,77.8623275756836,211
-193,-10.3000001907349,25.5,1317,67.0251617431641,201
-169.800003051758,-13.8000001907349,6.80000019073486,1160,53.5919990539551,301
-172.899993896484,-15.8000001907349,5.90000009536743,1134,51.258659362793,301
-199.899993896484,-15.3000001907349,15.8999996185303,1281,64.6541366577148,201
-202.600006103516,-17,0.5,1290,66.6884994506836,201
-238.300003051758,-23.5,-6.5,1374,75.3488998413086,211
-162.100006103516,-2.90000009536743,30.6000003814697,1222,57.3670616149902,301
-146.5,-1.60000002384186,33.4000015258789,1190,54.1738014221191,301
-177.800003051758,-17.5,7,1141,51.9630508422852,301
-217.300003051758,-15.1999998092651,20.2000007629395,1385,74.182502746582,201
-190.600006103516,-16.1000003814697,3.59999990463257,1213,59.0012512207031,301
-150.300003051758,-16.7000007629395,13.8999996185303,1249,61.8367195129395,201
-180.100006103516,-15.5,15,1254,62.1627006530762,201
-203.5,-17.7999992370605,0,1315,69.1977005004883,201
-155.399993896484,-14.6000003814697,11.1999998092651,1170,54.3437995910645,301
-177.800003051758,-7.5,27.5,1285,63.7050018310547,201
-187.699996948242,-12.1000003814697,24.1000003814697,1286,64.3468017578125,201
-187.899993896484,-14.5,3.70000004768372,1235,61.010799407959,201
-205.100006103516,-18.7000007629395,-0.699999988079071,1319,69.649528503418,201
-212.800003051758,-15.8000001907349,20.2999992370605,1366,72.4253005981445,201
-171.300003051758,-5.09999990463257,28.6000003814697,1259,61.0563507080078,201
-246.699996948242,-27.8999996185303,-10.1999998092651,1436,78.8774108886719,211
-140.800003051758,-15.3000001907349,13.3999996185303,1175,54.7342491149902,301
-235.199996948242,-25.5,-7.30000019073486,1401,78.1375503540039,211
-150.399993896484,-15.1000003814697,15.8000001907349,1229,59.7109718322754,301
-224.800003051758,-23.7000007629395,-6,1379,75.8512268066406,201
-193,-15.3999996185303,17.7000007629395,1294,65.770378112793,201
-225.899993896484,-24.1000003814697,-6,1387,76.6616668701172,211
-198.399993896484,-21,-0.300000011920929,1313,69.2322998046875,201
-133.399993896484,-14.8000001907349,15.3999996185303,1212,58.1032791137695,301
-201.199996948242,-18.5,-0.300000011920929,1294,67.2138977050781,201
-197.100006103516,-18.3999996185303,0,1299,67.691162109375,201
-227.100006103516,-25.2999992370605,-6.80000019073486,1403,78.3165893554688,211
-166.699996948242,-18.2000007629395,6,1227,60.3299407958984,201
-193.600006103516,-9.89999961853027,23.5,1330,68.3572006225586,201
-199.300003051758,-22.2000007629395,-2.5,1342,72.1372375488281,201
-180.800003051758,-14.3999996185303,5.40000009536743,1212,58.6907997131348,301
-201.399993896484,-19.2999992370605,1.5,1249,62.8102188110352,201
-181.600006103516,-7.69999980926514,26,1296,64.846321105957,201
-201.800003051758,-17,16.2999992370605,1322,68.6405410766602,201
-187,-21,1.39999997615814,1283,66.2236785888672,201
-196.699996948242,-14.5,22.3999996185303,1359,71.5053863525391,201
-194.899993896484,-16.8999996185303,16,1305,67.0384521484375,201
-145.300003051758,-15.8000001907349,10,1187,56.1054611206055,301
-197.100006103516,-18.3999996185303,-0.100000001490116,1295,67.3038024902344,201
-183.800003051758,-19.5,8.60000038146973,1292,66.4942779541016,201
-194.5,-24.5,-3.5,1340,72.1129989624023,201
-149.899993896484,-14.6000003814697,16.6000003814697,1228,59.5344009399414,301
-196.399993896484,-12.1999998092651,23.1000003814697,1354,70.8081436157227,201
-215.800003051758,-24.2000007629395,-0.800000011920929,1264,64.686882019043,201
-226.300003051758,-26,-7.40000009536743,1407,78.7631988525391,211
-190.100006103516,-19.8999996185303,0,1323,70.1237716674805,201
-218.199996948242,-24.7000007629395,-5.69999980926514,1390,77.0012969970703,201
-183.5,-15.8999996185303,17.3999996185303,1285,64.9722518920898,201
-181.5,-10.1000003814697,25.7999992370605,1317,66.9893112182617,201
-191,-20.5,0.5,1309,68.7730026245117,201
-159.300003051758,-18.7999992370605,5.40000009536743,1237,61.368579864502,201
-126.099998474121,-13.8999996185303,14.5,1188,55.8247184753418,301
-130.399993896484,-9.19999980926514,18.8999996185303,994,37.0478210449219,401
-178.699996948242,-8.5,26.1000003814697,1308,66.0139236450195,201
-166.899993896484,-18.2000007629395,3.5,1291,66.6607666015625,201
-172.100006103516,-13.6999998092651,24.2999992370605,1297,65.4761810302734,201
-218.5,-25.2999992370605,-5.40000009536743,1348,72.9524383544922,201
-155.899993896484,-16.3999996185303,5.69999980926514,1272,64.5590362548828,201
-147.600006103516,-17.2999992370605,13.5,1279,64.7630233764648,201
-122.599998474121,-13.3000001907349,16.6000003814697,1199,56.7073287963867,301
-177.699996948242,-23.6000003814697,-0.100000001490116,1319,70.001838684082,201
-214,-22.7000007629395,-4.30000019073486,1342,72.1743392944336,201
-190.699996948242,-22.7999992370605,-2,1350,72.9599990844727,201
-214.899993896484,-24.2000007629395,-1.5,1286,66.8301162719727,201
-164.699996948242,-19.3999996185303,2.79999995231628,1298,67.4686813354492,201
-156.300003051758,-16.7999992370605,5.5,1265,63.9264488220215,201
-184.899993896484,-21.7999992370605,5.90000009536743,1187,56.6983299255371,301
-218.100006103516,-23.6000003814697,-4.90000009536743,1346,72.6305618286133,201
-202.300003051758,-24,1.60000002384186,1251,63.3032417297363,201
-159.199996948242,-10.8000001907349,28.7999992370605,1303,65.5195999145508,201
-175.600006103516,-9.69999980926514,26.2999992370605,1308,66.084716796875,201
-205.800003051758,-22.7999992370605,-1,1293,67.4150390625,201
-157.399993896484,-10.8999996185303,29.5,1297,64.9185791015625,201
-205.199996948242,-25.3999996185303,-4.40000009536743,1343,72.4722213745117,201
-186.100006103516,-24.8999996185303,-1.89999997615814,1316,69.8028411865234,201
-164,-17.2000007629395,12.3999996185303,1269,63.8761215209961,201
-142.399993896484,-10.6000003814697,28.6000003814697,1238,59.4616012573242,301
-108.099998474121,-5.80000019073486,38.5,1210,55.9552993774414,301
-180.600006103516,-23.5,2.20000004768372,1278,65.8541412353516,201
-168,-15.3000001907349,17.2000007629395,1268,63.333080291748,201
-173.699996948242,-12.6999998092651,24.8999996185303,1332,68.6469573974609,201
-163.399993896484,-19.7000007629395,7.90000009536743,1212,58.8621597290039,301
-175.699996948242,-10.8999996185303,26.2999992370605,1322,67.4781188964844,201
-112,-6.59999990463257,33.2999992370605,1198,55.2133407592773,301
-122.900001525879,-8.80000019073486,29.7999992370605,1201,55.8329010009766,301
-146.199996948242,-17.7999992370605,12.3000001907349,1145,52.0747489929199,301
-91,-4.59999990463257,26.5,911,28.8639106750488,501
-109.300003051758,-13.8000001907349,18.3999996185303,1092,46.5136795043945,301
-156.5,-19,6.5,1271,64.5837478637695,201
-139.300003051758,-19.2000007629395,6.59999990463257,1255,63.0503005981445,201
-90.6999969482422,-3.59999990463257,39.5,1161,51.2810096740723,301
-78.5,-4.09999990463257,27.7000007629395,910,28.7183990478516,501
-165.300003051758,-21.2000007629395,3.40000009536743,1288,66.5846405029297,201
-154,-22.3999996185303,4.90000009536743,1272,65.015998840332,201
-164.399993896484,-21.7000007629395,1,1303,68.2402114868164,201
-107.199996948242,-11.8999996185303,20.2000007629395,1196,56.1253204345703,301
-46.2999992370605,-1.60000002384186,31.8999996185303,898,27.4990291595459,501
-28.5,11.6999998092651,40.7999992370605,690,17.5012493133545,601
-100.099998474121,-4.80000019073486,36.5,1172,52.5267601013184,301
-104.800003051758,-16.6000003814697,13.8000001907349,1178,55.0718383789062,301
-169.300003051758,-22,0.100000001490116,1330,70.9486999511719,201
-126.800003051758,-7.19999980926514,34,1236,58.715518951416,301
-153.300003051758,-21.5,2.5,1296,67.4423980712891,201
-136.100006103516,-20.3999996185303,7,1256,63.1990394592285,201
-172.300003051758,-23.2000007629395,-0.699999988079071,1339,71.9194793701172,201
-160.5,-16.3999996185303,13.5,1270,63.8442993164062,201
-78.6999969482422,-8.10000038146973,25.7000007629395,1133,49.6969184875488,301
-76.8000030517578,-6.80000019073486,25.2999992370605,1129,49.2763519287109,301
-39.5,-1.70000004768372,33.9000015258789,1057,41.9434585571289,401
-121.400001525879,-8.39999961853027,28.7999992370605,1200,55.7760009765625,301
-179,-11.6999998092651,24.6000003814697,1329,68.3145904541016,201
-129.5,-19.2999992370605,6.80000019073486,1269,64.3912506103516,201
-106,-14.6999998092651,11.8999996185303,1188,56.0246391296387,301
-124.400001525879,-13.3999996185303,13.1000003814697,1218,58.7285385131836,301
-71.5999984741211,-11.8000001907349,17.2999992370605,1147,51.6641502380371,301
-139.100006103516,-21.2999992370605,8.19999980926514,1246,62.2162590026855,201
-163.899993896484,-22.8999996185303,-0.100000001490116,1326,70.6325378417969,201
-171.399993896484,-11.1000003814697,24.6000003814697,1311,66.5851516723633,201
-147.199996948242,-16.7000007629395,8.5,1253,62.5704612731934,201
-145.5,-21.7000007629395,3,1296,67.421516418457,201
16.7999992370605,20.2000007629395,49,565,11.670599937439,601
-50.4000015258789,-6.80000019073486,21,1082,45.1055603027344,301
-41.4000015258789,6.5,34.0999984741211,746,20.2796192169189,501
-132.399993896484,-16.5,11.6000003814697,1225,59.6812515258789,301
-128.399993896484,-10.8000001907349,23,1211,57.2995796203613,301
-138.5,-20.2000007629395,4.80000019073486,1279,65.5506591796875,201
-180.600006103516,-12.8000001907349,23.2000007629395,1341,69.6243591308594,201
-122.599998474121,-19.2999992370605,11.6000003814697,1214,58.8027801513672,301
-151.199996948242,-11.3000001907349,25.2999992370605,1285,64.1159973144531,201
-156.300003051758,-23.3999996185303,0.600000023841858,1311,69.1660766601562,201
-143.5,-16.7000007629395,10.8000001907349,1235,60.699649810791,201
-75.9000015258789,-13.3999996185303,15.3999996185303,1158,52.8983993530273,301
-138.800003051758,-21.2000007629395,4.09999990463257,1277,65.4726715087891,201
-126,-14.8000001907349,15.5,1214,58.2870216369629,301
-118.800003051758,-19.6000003814697,6.30000019073486,1223,60.0135917663574,201
-35.7999992370605,-2.79999995231628,28.1000003814697,1069,43.3684310913086,401
-33.2000007629395,20.7999992370605,40.9000015258789,562,11.6367301940918,601
-158.300003051758,-9.69999980926514,25.5,1278,63.3387603759766,201
-66.1999969482422,-7.80000019073486,26,982,35.5947608947754,401
-141.600006103516,-11.8999996185303,18.2000007629395,1240,60.396800994873,201
25.6000003814697,4.09999990463257,33.9000015258789,950,31.9200000762939,401
-122,-13.3999996185303,10.3999996185303,1187,55.9411010742188,301
-86.5,-12.8000001907349,21,1064,43.699520111084,401
-112.400001525879,-8.5,24.2999992370605,1182,54.3704414367676,301
-52.2000007629395,-4.40000009536743,28.3999996185303,912,28.8911991119385,501
33.2999992370605,29.7000007629395,53.0999984741211,445,6.28719997406006,701
-45.4000015258789,-5.40000009536743,17.3999996185303,1045,41.7410011291504,401
-132.800003051758,-9.39999961853027,24.7000007629395,1235,59.3534507751465,301
-103.800003051758,-14.3000001907349,5.09999990463257,1134,51.2212791442871,301
-137,-14.6000003814697,13.6999998092651,1216,58.575439453125,301
-174.899993896484,-22.3999996185303,-3.09999990463257,1273,65.4425201416016,201
-160.800003051758,-19.7999992370605,0.400000005960464,1244,62.4293594360352,201
-173.100006103516,-18.2999992370605,7.40000009536743,1295,66.7825469970703,201
24.2000007629395,30.2000007629395,52.4000015258789,445,6.28865003585815,701
-140.100006103516,-7.19999980926514,22.6000003814697,1230,58.8797988891602,301
-0.300000011920929,20.1000003814697,45,560,11.5037002563477,601
-20,10.1000003814697,37.5999984741211,694,17.7753105163574,601
-155.699996948242,-8.10000038146973,25,1251,60.7448081970215,201
-55,-9.5,22.2999992370605,1072,44.23583984375,401
-166.699996948242,-21.3999996185303,2,1286,66.5008392333984,201
-24.2000007629395,-4.09999990463257,30.7000007629395,979,34.9968605041504,401
-5.80000019073486,0.300000011920929,25.7999992370605,979,35.015811920166,401
-73.3000030517578,-13.3000001907349,14.1999998092651,1131,50.3972091674805,301
-166.5,-22,-1.89999997615814,1267,64.8323974609375,201
-159.800003051758,-20.3999996185303,2.59999990463257,1269,64.7458190917969,201
-168,-19.7000007629395,4.19999980926514,1282,65.8470993041992,201
-139.399993896484,-16.5,1.20000004768372,1188,56.7596397399902,301
12.6000003814697,31,50.2999992370605,438,5.9940299987793,701
-138,-9.80000019073486,22.7999992370605,1251,60.9986991882324,201
-181.5,-24.8999996185303,-9.80000019073486,1291,67.365592956543,201
-50.2999992370605,-3,26.1000003814697,882,26.9727897644043,501
-153.199996948242,-19.2000007629395,0.699999988079071,1254,63.339900970459,201
-25.3999996185303,5,33.7999992370605,763,21.0942802429199,501
-183.800003051758,-20.1000003814697,4.19999980926514,1318,69.3516235351562,201
-0.300000011920929,24.5,46.2000007629395,506,9.05679035186768,701
-65.6999969482422,-11.5,17.6000003814697,1089,46.1567115783691,301
-103.5,-17.8999996185303,7.90000009536743,1164,54.1440010070801,301
-156.699996948242,-20,-2.09999990463257,1253,63.3409996032715,201
-151.199996948242,-6.09999990463257,26.1000003814697,1219,57.5670013427734,301
-184.800003051758,-18.8999996185303,5.5,1323,69.6538162231445,201
-61,-11.3000001907349,15.3000001907349,1095,46.8269996643066,301
-38,-5.19999980926514,27.2000007629395,959,33.3152008056641,401
-72.8000030517578,-12.3000001907349,16.3999996185303,1087,46.0653305053711,301
-34.0999984741211,12.6999998092651,32.9000015258789,661,16.3244209289551,601
-155,-20.2999992370605,-5.19999980926514,1219,60.0615692138672,201
-169.899993896484,-14.8000001907349,11.8999996185303,1308,67.4653167724609,201
-47.9000015258789,4.69999980926514,27.7999992370605,755,20.8731250762939,501
45.9000015258789,34.9000015258789,52.4000015258789,387,3.7527449131012,701
-72,-12.1999998092651,16,1089,46.2691802978516,301
-91.5,-16,11.5,1145,52.0202484130859,301
-63.2999992370605,-10.1000003814697,17.7999992370605,1051,42.497730255127,401
-179.800003051758,-21.6000003814697,0,1325,70.4410018920898,201
-165.800003051758,-19.6000003814697,-1.79999995231628,1292,67.096321105957,201
-156.600006103516,-18.8999996185303,0.300000011920929,1273,65.1867828369141,201
-70.9000015258789,-5.30000019073486,20.2999992370605,884,27.3020000457764,501
38,38.5999984741211,51.9000015258789,372,3.09419989585876,701
-197.100006103516,-22.2000007629395,-0.200000002980232,1342,72.1372375488281,201
-96.8000030517578,-14.1000003814697,12.1000003814697,1030,40.9360008239746,401
-186.600006103516,-22.6000003814697,-1.60000002384186,1344,72.361442565918,201
-181.899993896484,-22.8999996185303,-8.89999961853027,1296,67.7138366699219,201
-189.699996948242,-21.7000007629395,-0.400000005960464,1340,71.9057998657227,201
48.0999984741211,31.7000007629395,50.0999984741211,438,5.9905800819397,701
-165.699996948242,-13.8000001907349,13.6000003814697,1313,67.7492599487305,201
-184.5,-17.2999992370605,8.10000038146973,1340,70.9807968139648,201
-178.899993896484,-20.7999992370605,-2.5,1327,70.5771636962891,201
-104.800003051758,-16.7000007629395,9.30000019073486,1104,48.2529602050781,301
-176.300003051758,-25.1000003814697,-10.1999998092651,1276,65.9167633056641,201
-191.5,-20.2000007629395,1.20000004768372,1331,70.8339004516602,201
-159.600006103516,-12.3000001907349,14.5,1295,65.8721008300781,201
-168,-20.7999992370605,-5.5,1272,65.2377624511719,201
-128.899993896484,-21.8999996185303,1.60000002384186,1198,58.0239410400391,301
-127,-21.7999992370605,1.5,1195,57.7328491210938,301
-165,-19.5,-3.40000009536743,1277,65.6351470947266,201
-80.9000015258789,-6.80000019073486,17.3999996185303,891,27.7592697143555,501
-87.9000015258789,-15,12,1119,49.4607009887695,301
-192.600006103516,-17.2000007629395,4.59999990463257,1328,70.077278137207,201
-128.100006103516,-8,22.7000007629395,1244,60.2333183288574,201
-174.199996948242,-19.5,-3.29999995231628,1306,68.4467010498047,201
-66.9000015258789,-11,16.5,1062,43.6358985900879,401
-183.699996948242,-22.7000007629395,-9.69999980926514,1313,69.3535079956055,201
-92.9000015258789,-15.6999998092651,9.69999980926514,1122,49.9031982421875,301
-184.300003051758,-20.8999996185303,-3,1332,71.0698776245117,201
-182.699996948242,-20.7999992370605,-7.30000019073486,1318,69.7034378051758,201
-85.0999984741211,-10.3999996185303,14.8999996185303,943,32.4306488037109,401
-157.899993896484,-25.7000007629395,-8,1232,61.6642417907715,201
-100,-17.1000003814697,9.60000038146973,1071,45.0982513427734,301
-187,-18,3.5,1310,68.4794998168945,201
-39.4000015258789,-5.69999980926514,22.7000007629395,979,35.3606986999512,401
-178.699996948242,-25.3999996185303,-10,1294,67.692756652832,201
-73.4000015258789,-9.30000019073486,16.5,941,32.1494789123535,401
-156,-11.1999998092651,16.1000003814697,1294,65.5899429321289,201
-182.300003051758,-23,-9.5,1327,70.7370986938477,201
-192.5,-23.3999996185303,-10.1999998092651,1355,73.49169921875,201
-17.8999996185303,23.8999996185303,38.2999992370605,527,10.076530456543,601
-180.899993896484,-19.1000003814697,-2.29999995231628,1307,68.5153732299805,201
-48.2000007629395,-8.30000019073486,20.1000003814697,1030,40.342601776123,401
-185.600006103516,-15.8000001907349,7.40000009536743,1324,69.3881607055664,201
-132.800003051758,-24.8999996185303,0.200000002980232,1173,55.8503112792969,301
-184.100006103516,-18.7000007629395,-1.20000004768372,1294,67.227783203125,201
-110.300003051758,-21.3999996185303,2.90000009536743,1157,53.9454498291016,301
-181.899993896484,-27.2999992370605,-10.1999998092651,1297,68.1178131103516,201
-158.899993896484,-27.7000007629395,-8.19999980926514,1239,62.4750289916992,201
-156,-26.2000007629395,-7,1231,61.5982208251953,201
-192.5,-17.2000007629395,1.39999997615814,1298,67.412841796875,201
-124.800003051758,-22.8999996185303,-1.29999995231628,1187,57.1092300415039,301
-65.4000015258789,-11,17,1017,39.3647994995117,401
-183.300003051758,-24.2000007629395,-9.19999980926514,1331,71.2140197753906,201
-172.100006103516,-30.3999996185303,-9.89999961853027,1276,66.2750396728516,201
-165.600006103516,-9.39999961853027,12,1286,64.9916381835938,201
-191.600006103516,-21.6000003814697,-8.60000038146973,1355,73.3557968139648,201
-38.5999984741211,-0.400000005960464,25,836,24.8007202148438,501
-187.800003051758,-29.5,-11.3000001907349,1309,69.4465484619141,201
-22.6000003814697,16.7999992370605,33.7999992370605,632,14.9300403594971,601
-108.800003051758,-11.8999996185303,11.8000001907349,942,32.4934196472168,401
-119.900001525879,-20.7000007629395,5.59999990463257,1068,45.1666793823242,301
-128.100006103516,-21.2999992370605,4.40000009536743,1064,44.8641586303711,401
-144.100006103516,-28.2999992370605,-2.29999995231628,1182,56.9370613098145,301
-127,-24.3999996185303,2.79999995231628,1130,51.494800567627,301
-122.199996948242,-18.7000007629395,6.5,1022,40.6048393249512,401
-130.899993896484,-26.5,-2.09999990463257,1185,57.1252517700195,301
-133.800003051758,-27.2000007629395,0.699999988079071,1137,52.4380493164062,301
-186.199996948242,-20.7999992370605,-7.09999990463257,1363,74.0720367431641,201
-204.899993896484,-22.2000007629395,-7.90000009536743,1370,74.8593978881836,201
-145.199996948242,-28.7000007629395,-5.40000009536743,1223,60.9730110168457,201
-183,-11.8000001907349,6.90000009536743,1322,68.9437789916992,201
-188.5,-28.7999992370605,-10.5,1344,72.8227233886719,201
-85,-10.6999998092651,15.1999998092651,942,32.3361015319824,401
-146.800003051758,-20.1000003814697,3.90000009536743,1025,41.0634994506836,401
-110.5,-18.2000007629395,9.10000038146973,1016,39.8985595703125,401
-148.800003051758,-16.1000003814697,6.30000019073486,987,37.1442604064941,401
-132.399993896484,-23.3999996185303,3.09999990463257,1076,46.186279296875,301
-192.699996948242,-19.5,-2.59999990463257,1303,68.1558532714844,201
-140.899993896484,-29.2000007629395,-2.5,1186,57.3811187744141,301
-136.899993896484,-26.7000007629395,0.600000023841858,1116,50.3667602539062,301
-172.5,-20.7000007629395,-4,1372,74.9380416870117,201
-166,-3.79999995231628,9,857,26.3126792907715,501
-201,-21.6000003814697,-5.90000009536743,1337,71.6069183349609,201
-130.899993896484,-23.2000007629395,3.59999990463257,1067,45.2803192138672,301
-197.899993896484,-16.2000007629395,3,1326,69.9283218383789,201
-211.399993896484,-15.1999998092651,-1,1363,73.6447601318359,201
-13.6999998092651,29,40.7999992370605,490,8.36190032958984,701
-163.600006103516,-24.7000007629395,-4.30000019073486,1350,73.1025009155273,201
-147,-30.1000003814697,-4.30000019073486,1198,58.6099815368652,301
-127.599998474121,-27.7999992370605,0.5,1176,56.29248046875,301
-13.6000003814697,10.6000003814697,32.0999984741211,705,18.3728256225586,601
-184,-19.8999996185303,-5,1414,78.9498596191406,201
-175.800003051758,-18.7999992370605,-3.59999990463257,1391,76.632080078125,201
-201.800003051758,-12.1000003814697,2.90000009536743,1348,71.748161315918,201
-28.8999996185303,16.1000003814697,32.5,650,15.7744998931885,601
-58.5999984741211,-6.59999990463257,20.8999996185303,896,27.8838596343994,501
-208.300003051758,-20.8999996185303,-5.40000009536743,1345,72.3320465087891,201
-219.5,-17.8999996185303,-3.29999995231628,1366,74.1411361694336,201
-145.600006103516,-30,-4.59999990463257,1257,64.3860015869141,201
-215.399993896484,-16.6000003814697,-4,1326,70.175163269043,201
-109.699996948242,-25.2000007629395,5.19999980926514,1145,52.8650016784668,301
56.7999992370605,39.7000007629395,49.5999984741211,401,4.34653520584106,701
-212.399993896484,-20.2999992370605,-4.90000009536743,1347,72.4814071655273,201
-38.4000015258789,31.2000007629395,37.0999984741211,499,8.77291488647461,701
-99,-21.2999992370605,8,1070,45.2751007080078,301
-199.600006103516,-17.5,-1.39999997615814,1304,68.1119995117188,201
-206.899993896484,-22.8999996185303,-8,1407,78.5130310058594,201
-105.099998474121,-23.6000003814697,6.40000009536743,1101,48.4567184448242,301
-217.100006103516,-22.5,-7.59999990463257,1377,75.5632476806641,201
-72,-11.8000001907349,17.1000003814697,946,32.6866188049316,401
-82,-22.2999992370605,10.3000001907349,1130,50.9860000610352,301
-218.5,-15.1999998092651,-2.70000004768372,1380,75.2855987548828,201
-94.1999969482422,-23.7000007629395,8.10000038146973,1134,51.5630416870117,301
-129.800003051758,-28.2999992370605,-0.800000011920929,1250,63.5895004272461,201
-212.5,-17,-4.30000019073486,1314,69.0438003540039,201
-124.5,-27.8999996185303,0.300000011920929,1216,60.2201614379883,201
-211.899993896484,-12.8999996185303,0.600000023841858,1347,71.8838119506836,201
-105.199996948242,-25.7999992370605,5.19999980926514,1193,57.5565795898438,301
-208.5,-18.2000007629395,-3.90000009536743,1325,70.1945037841797,201
-212.300003051758,-20.6000003814697,-7.30000019073486,1385,76.1921005249023,201
21.8999996185303,45.2000007629395,49.5999984741211,372,3.07872009277344,701
-224.100006103516,-14.8000001907349,-2.5,1361,73.4212799072266,201
-94,-24.2999992370605,7.69999980926514,1146,52.7763595581055,301
-113.199996948242,-20.5,7.40000009536743,1039,42.2800903320312,401
-99.1999969482422,-25.2999992370605,6.59999990463257,1180,56.1846008300781,301
-149.100006103516,-26.7000007629395,-2.40000009536743,1346,72.86181640625,201
-142.100006103516,-28.5,-1.79999995231628,1317,70.158447265625,201
-221.5,-21.1000003814697,-7.5,1379,75.6486892700195,201
-159.699996948242,-23,-2.90000009536743,1392,77.0615997314453,201
71.1999969482422,51.5999984741211,54.4000015258789,298,0,701
-222.600006103516,-15.6000003814697,-5.09999990463257,1341,71.5509567260742,201
-127.5,-27.2999992370605,0.5,1274,65.8363189697266,201
-220,-19,-6.59999990463257,1344,72.0935974121094,201
-230.600006103516,-17.2999992370605,-7.90000009536743,1352,72.7409591674805,211
-229,-20.6000003814697,-9.30000019073486,1378,75.5126800537109,211
-96.1999969482422,-20.7999992370605,8.10000038146973,1078,46.0170593261719,301
-221.899993896484,-14.1000003814697,-3.90000009536743,1331,70.4757080078125,201
-200.800003051758,-19.2999992370605,-6.40000009536743,1399,77.4470672607422,201
-192.100006103516,-20.2000007629395,-4.90000009536743,1418,79.3623580932617,201
-220.5,-19.3999996185303,-7.69999980926514,1362,73.868278503418,201
-226.5,-21.2000007629395,-9.39999961853027,1390,76.7248001098633,211
-193.199996948242,-21.3999996185303,-6.19999980926514,1452,82.7632827758789,100
-225,-18.5,-8.10000038146973,1348,72.4438018798828,211
-70.0999984741211,-12,16.1000003814697,950,33.1064987182617,401
-122.5,-27.2999992370605,2.90000009536743,1266,64.8950424194336,201
-176.699996948242,-22,-5.5,1421,79.8012008666992,201
-175.600006103516,-16.7000007629395,-2.79999995231628,1377,75.1125869750977,201
-189.399993896484,-23.3999996185303,-7.90000009536743,1446,82.3496398925781,101
-228.100006103516,-15.1000003814697,-7.19999980926514,1330,70.4523010253906,211
-109.5,-26.1000003814697,4.90000009536743,1184,56.7180786132812,301
-228.199996948242,-17.8999996185303,-9,1353,72.8828735351562,211
-69.5999984741211,-14.5,14.3999996185303,990,37.0539016723633,401
-166.100006103516,-26.5,-4.59999990463257,1397,77.8270492553711,201
-153.699996948242,-29,-3,1349,73.3271026611328,201
-142.600006103516,-29.1000003814697,-0.699999988079071,1321,70.5931091308594,201
-48.7000007629395,7.40000009536743,24.7000007629395,723,19.4135856628418,601
-233.600006103516,-16.6000003814697,-8.5,1354,72.8816375732422,211
-149.100006103516,-28,-1.79999995231628,1342,72.5675964355469,201
-166.800003051758,-25.1000003814697,-4.69999980926514,1393,77.3254318237305,201
-170.100006103516,-24.2999992370605,-5.09999990463257,1407,78.6260070800781,201
-183.699996948242,-22.7999992370605,-7.69999980926514,1413,79.0886383056641,201
-231.5,-20.5,-10.6000003814697,1391,76.7665481567383,211
-117,-27.3999996185303,3.79999995231628,1252,63.4787216186523,201
-106.599998474121,-27,5.19999980926514,1217,59.9600601196289,301
-240.399993896484,-18.7000007629395,-10.6999998092651,1375,75.0742492675781,211
-244.800003051758,-18.7999992370605,-12,1390,76.5352020263672,211
-176.5,-18.1000003814697,-4.80000019073486,1389,76.3830871582031,201
-184.699996948242,-24.1000003814697,-7.90000009536743,1417,79.5839691162109,201
-147,-25,-0.5,1347,72.8324966430664,201
-178.600006103516,-21,-6.90000009536743,1378,75.5438003540039,201
-218.800003051758,-20.2999992370605,-9.39999961853027,1392,76.8477630615234,201
-127.599998474121,-25.1000003814697,3,1294,67.463737487793,201
-237.399993896484,-19.2000007629395,-11.1999998092651,1383,75.8883590698242,211
-250.199996948242,-19.7999992370605,-14,1409,77.5452117919922,211
-53.2000007629395,2.90000009536743,21,783,22.3653144836426,501
-228.899993896484,-18.2000007629395,-9.89999961853027,1373,74.8418579101562,211
-95.6999969482422,-25,7.90000009536743,1214,59.379940032959,301
-83.1999969482422,-10,11.1999998092651,931,31.4052791595459,401
-244.699996948242,-18.3999996185303,-13.3000001907349,1396,77.0846405029297,211
-241.199996948242,-17.8999996185303,-12.8000001907349,1390,76.4641036987305,211
-228.600006103516,-20.6000003814697,-10.5,1395,77.1626968383789,211
-230.600006103516,-18.3999996185303,-10.6999998092651,1391,76.6004409790039,211
-150.5,-22.2999992370605,-1.5,1332,71.17236328125,201
-223.600006103516,-19.2000007629395,-9.5,1399,77.439079284668,201
-124.400001525879,-26.7999992370605,2.79999995231628,1271,65.3554000854492,201
-207.800003051758,-20.2000007629395,-10.6999998092651,1406,78.1981201171875,201
-223.800003051758,-18.6000003814697,-9.80000019073486,1407,78.1660232543945,201
-111.900001525879,-23.2000007629395,5.59999990463257,1250,62.8940010070801,201
7.59999990463257,27.1000003814697,34.5,535,10.43869972229,601
-16.6000003814697,25.3999996185303,30.7000007629395,552,11.2631397247314,601
78.4000015258789,61.2000007629395,57.2000007629395,252,0,701
-109.699996948242,-20.3999996185303,6.09999990463257,1243,62.0044898986816,201
-111.099998474121,-22.6000003814697,4.69999980926514,1220,60.0097999572754,201
-138.199996948242,-20.7999992370605,-0.5,1271,65.1406784057617,201
30.6000003814697,43.7000007629395,44.9000015258789,380,3.4456000328064,701
-117.699996948242,-26.7000007629395,3.5,1227,61.0196418762207,201
72,54.5999984741211,50.5999984741211,299,0,701
-231.899993896484,-18.2999992370605,-11.5,1406,78.0449829101562,211
-181.5,-18.2999992370605,-6.80000019073486,1371,74.6559295654297,201
-245,-18.8999996185303,-12.8999996185303,1397,77.2213287353516,211
-134.199996948242,-24.1000003814697,0.100000001490116,1188,57.2711982727051,301
-111.199996948242,-22.7000007629395,4.90000009536743,1145,52.7451019287109,301
-118.300003051758,-25.3999996185303,3.5,1223,60.5493698120117,201
-189.600006103516,-20.1000003814697,-9.5,1386,76.2498626708984,201
-181.300003051758,-21.6000003814697,-8.80000019073486,1372,75.0075225830078,201
-248.300003051758,-18.8999996185303,-14.5,1417,77.841423034668,211
-100.099998474121,-19.2999992370605,6.90000009536743,1206,58.3214416503906,301
-240.399993896484,-16.3999996185303,-13.6999998092651,1414,78.6649627685547,211
-104,-19.8999996185303,5.59999990463257,1177,55.6401100158691,301
-227.300003051758,-20.7000007629395,-11.8999996185303,1425,80.0827484130859,111
-246.300003051758,-19.1000003814697,-15.5,1427,78.2451324462891,211
-167.199996948242,-22.6000003814697,-7,1325,70.5134963989258,201
-229.300003051758,-21,-13.1999998092651,1432,80.7872009277344,111
-102.900001525879,-17.7000007629395,6.80000019073486,1044,42.6639595031738,401
-122.199996948242,-20.3999996185303,1.70000004768372,1231,61.1249694824219,201
-120.199996948242,-2.90000009536743,8,828,24.9453601837158,501
-249.100006103516,-17.8999996185303,-15.1000003814697,1431,77.6062240600586,211
-131.600006103516,-20.7999992370605,-1.20000004768372,1224,60.5779190063477,201
-75.5999984741211,7.59999990463257,12,747,20.7944393157959,501
-196.199996948242,-23.7999992370605,-12.6999998092651,1396,77.5144805908203,201
-244,-17.8999996185303,-16,1423,78.5934829711914,211
-230.699996948242,-19.6000003814697,-13,1425,79.9919967651367,211
-127,-21.5,0.100000001490116,1216,59.8382415771484,301
-20,47.2000007629395,39.2000007629395,408,4.66344022750854,701
-205.399993896484,-23.3999996185303,-13.3000001907349,1406,78.4560394287109,201
-19.6000003814697,41.4000015258789,35.9000015258789,431,5.71618509292603,701
-145.5,-22.2999992370605,-4.30000019073486,1252,63.3939590454102,201
-207.800003051758,-23.6000003814697,-13.8000001907349,1417,79.5431213378906,201
-227.100006103516,-24.2000007629395,-16,1458,82.397834777832,110
-238.699996948242,-19.5,-15,1422,79.6929016113281,211
-232.300003051758,-23.2000007629395,-15.8999996185303,1467,81.3011245727539,110
-120.5,-20.8999996185303,2.20000004768372,1176,55.797119140625,301
-104.800003051758,20.2999992370605,17.2000007629395,610,14.1437501907349,601
-254.899993896484,-17.2999992370605,-17.7999992370605,1452,76.4360504150391,210
-126,-20.5,0.699999988079071,1193,57.5091400146484,301
-15.6000003814697,43.9000015258789,37.2000007629395,414,4.95273017883301,701
15.8000001907349,45.4000015258789,37.7000007629395,421,5.24474477767944,701
-235.600006103516,-22.5,-16.2000007629395,1466,80.6007995605469,110
42.0999984741211,61.7000007629395,51.7000007629395,296,0,701
-186,-23.7999992370605,-11.8999996185303,1343,72.3533401489258,201
-141.899993896484,-22.7999992370605,-1.89999997615814,1180,56.4224014282227,301
-9.80000019073486,35.4000015258789,31.1000003814697,492,8.48159980773926,701
-225.699996948242,-24.2000007629395,-15.3999996185303,1453,82.6706161499023,110
-111.900001525879,-16.2999992370605,4.19999980926514,1016,40.0233612060547,401
-169.600006103516,-22.7999992370605,-9.30000019073486,1287,66.8313598632812,201
-218.300003051758,-24.8999996185303,-15.1000003814697,1417,79.6493301391602,201
-242.600006103516,-22.2999992370605,-17.1000003814697,1461,79.2229995727539,210
-193.800003051758,-22.8999996185303,-12.1000003814697,1358,73.7458190917969,201
-226.600006103516,-23.8999996185303,-15.5,1448,82.4698486328125,111
-153.5,-22.7999992370605,-4.90000009536743,1235,61.7728004455566,201
-263.799987792969,-22.5,-21.2999992370605,1471,75.1159057617188,210
44.7999992370605,60.7000007629395,45.9000015258789,308,0.341639995574951,701
-193.899993896484,-23.7000007629395,-12.8000001907349,1340,72.0538024902344,201
25.3999996185303,59.2999992370605,46.7999992370605,324,1.02383995056152,701
-258.600006103516,-20.8999996185303,-19.7999992370605,1448,76.0020523071289,211
-248.899993896484,-23.1000003814697,-19.1000003814697,1480,78.0620803833008,210
-249.800003051758,-23.1000003814697,-18.7000007629395,1473,77.8869247436523,210
-259.100006103516,-23,-20.8999996185303,1472,76.0691375732422,210
-220.199996948242,-26.2999992370605,-16.1000003814697,1415,79.5684509277344,201
-169.899993896484,-24,-8.30000019073486,1283,66.5242004394531,201
-280.899993896484,-24.8999996185303,-25.7000007629395,1487,71.9671173095703,210
-273.100006103516,-20.5,-22.2000007629395,1491,73.1562881469727,210
-149.300003051758,-21.6000003814697,-3.90000009536743,1156,54.0209617614746,301
-183.600006103516,-23.7000007629395,-10.8999996185303,1311,69.2300720214844,201
-277,-22.2999992370605,-23.6000003814697,1496,72.533576965332,210
-247.800003051758,-23.2999992370605,-19.1000003814697,1500,78.2922515869141,210
-237.100006103516,-24.2999992370605,-17.7999992370605,1485,80.4576950073242,110
-110.800003051758,-13.8000001907349,3.40000009536743,978,36.3031196594238,401
-189.100006103516,-23.5,-11.8999996185303,1324,70.4813995361328,201
16.8999996185303,45.5999984741211,37.2000007629395,432,5.72351980209351,701
-5.80000019073486,32.7999992370605,29.2999992370605,545,10.8767747879028,601
-117.300003051758,-12.8000001907349,1,974,35.971321105957,401
-205.899993896484,-23.2000007629395,-13.8999996185303,1327,70.7516403198242,201
53.7000007629395,57.0999984741211,44.5999984741211,341,1.75356996059418,701
-231.800003051758,-25.3999996185303,-17.2000007629395,1435,81.4458999633789,111
-267.399993896484,-22.7000007629395,-22.7999992370605,1455,74.4310073852539,210
-62.4000015258789,40.4000015258789,27,483,8.07579040527344,701
-132.399993896484,-18.2999992370605,-1.60000002384186,1074,45.8974189758301,301
-224,-27,-17.2999992370605,1401,78.257698059082,201
-244,-23.7000007629395,-18.7999992370605,1456,79.0644378662109,210
-258,-23.5,-21.2999992370605,1502,76.3224029541016,210
-286.200012207031,-24.3999996185303,-26.5,1500,70.8973388671875,210
-222.600006103516,-26.2999992370605,-16.7999992370605,1389,77.0300674438477,201
-244.100006103516,-26.3999996185303,-19.7999992370605,1411,79.1860427856445,211
-233.600006103516,-26.1000003814697,-17.6000003814697,1415,79.5521469116211,211
-21.3999996185303,33.9000015258789,27.3999996185303,542,10.753270149231,601
-258.799987792969,-22.8999996185303,-21.3999996185303,1488,76.1196975708008,210
-280.899993896484,-21.8999996185303,-24.2000007629395,1505,71.7456588745117,210
-289.399993896484,-22.7000007629395,-25.8999996185303,1511,70.151123046875,210
-163.399993896484,-21.7999992370605,-7,1158,54.2264404296875,301
-267.700012207031,-23.2000007629395,-23,1463,74.4108734130859,210
-248.5,-26.7999992370605,-20.8999996185303,1407,78.4370422363281,211
28.2999992370605,54.2000007629395,40.4000015258789,379,3.39542007446289,701
-171.100006103516,-22.2999992370605,-7.90000009536743,1210,59.3102989196777,301
-263.100006103516,-29.3999996185303,-23.8999996185303,1445,75.7859725952148,211
-117.699996948242,-6,0.699999988079071,895,28.4201755523682,501
-144,-16.5,-4.40000009536743,1038,42.3326988220215,401
-3.79999995231628,48.0999984741211,33.0999984741211,466,7.21104001998901,701
-41,31,21.8999996185303,609,13.8601951599121,601
-200.199996948242,-23.5,-13.1000003814697,1297,67.8529510498047,201
-265.799987792969,-23.8999996185303,-22.8999996185303,1496,74.8344802856445,210
-266.700012207031,-28.2999992370605,-23.8999996185303,1437,74.9964752197266,211
-179.600006103516,-18.3999996185303,-10.3000001907349,1209,58.9755592346191,301
-282.5,-24.2999992370605,-26.2000007629395,1437,71.6110534667969,211
-141.199996948242,-5.40000009536743,-4.19999980926514,959,34.2988586425781,401
-270.399993896484,-22.3999996185303,-23.5,1461,73.8246078491211,210
-263.600006103516,-25.7999992370605,-21.7000007629395,1429,75.4098205566406,211
-161.899993896484,-17.2000007629395,-7.5,1103,48.6501617431641,301
-269.200012207031,-25.2999992370605,-22.2000007629395,1435,74.2788467407227,211
29.3999996185303,61.2000007629395,45.5,319,0.811775028705597,701
-262.799987792969,-26.8999996185303,-22.3999996185303,1437,75.6511383056641,211
-287.200012207031,-25.1000003814697,-27.6000003814697,1450,70.7532501220703,211
-295.399993896484,-26.2000007629395,-28.7999992370605,1508,69.2321014404297,210
-260.799987792969,-29.3999996185303,-23.7999992370605,1402,76.2364959716797,211
-281.899993896484,-24.5,-24.7000007629395,1424,71.7426910400391,211
-295.799987792969,-34.5999984741211,-30.2999992370605,1478,69.7490692138672,210
-288.100006103516,-28.8999996185303,-25.7000007629395,1449,70.852783203125,211
-172.600006103516,-12.8000001907349,-10.6999998092651,1133,51.3172416687012,301
-299.899993896484,-25.7000007629395,-29.3999996185303,1524,68.3185119628906,210
-269.700012207031,-31.7999992370605,-25.3999996185303,1411,74.6757049560547,211
-288.899993896484,-30.8999996185303,-27.6000003814697,1458,70.8405990600586,210
-3.20000004768372,57.2999992370605,34.9000015258789,406,4.58503007888794,701
-310.899993896484,-36,-32.5,1516,66.8705215454102,210
-324.200012207031,-38.5999984741211,-35.2999992370605,1556,64.4171752929688,210
-295.899993896484,-31,-26.8999996185303,1467,69.4744186401367,210
-132,22.3999996185303,5.59999990463257,711,18.9470996856689,601
-248.399993896484,-27.3999996185303,-22.7999992370605,1376,75.8462371826172,211
-309.5,-28.6000003814697,-32.2000007629395,1441,66.6426620483398,211
-306.299987792969,-26.8999996185303,-30.8999996185303,1527,67.1521072387695,210
-307.399993896484,-28.5,-30.8999996185303,1450,67.0468215942383,211
-307,-29.8999996185303,-30.2999992370605,1454,67.2211380004883,210
-137.300003051758,7.30000019073486,-1.79999995231628,880,27.3383007049561,501
-314.299987792969,-29.7999992370605,-34.2000007629395,1488,65.7837753295898,210
-311.5,-34.4000015258789,-31.6000003814697,1502,66.6438827514648,210
-306.600006103516,-26.7000007629395,-30.7999992370605,1520,67.0797576904297,210
-202.800003051758,-20.1000003814697,-14.8999996185303,1278,65.7727813720703,201
-46.5999984741211,46.0999984741211,23.6000003814697,522,9.77132987976074,701
-321.600006103516,-28.1000003814697,-33.7999992370605,1518,64.2416076660156,210
-20.3999996185303,51.2000007629395,29.7999992370605,477,7.70127010345459,701
-335.799987792969,-32.5999984741211,-37.7999992370605,1550,61.7465858459473,210
-304.899993896484,-32,-29,1464,67.7776412963867,210
-173.199996948242,0.699999988079071,-8.69999980926514,989,36.9277687072754,401
-31.5,49,28.3999996185303,490,8.28969955444336,701
-312.600006103516,-38.0999984741211,-33,1516,66.6769866943359,210
-325.600006103516,-34.7000007629395,-33.9000015258789,1485,63.887336730957,210
-351.899993896484,-38.7000007629395,-40.0999984741211,1529,58.9462966918945,310
-336.100006103516,-35.7999992370605,-38.5999984741211,1481,61.8885231018066,210
-185.100006103516,-8.80000019073486,-13.8000001907349,1085,46.5018005371094,301
-171.199996948242,-0.400000005960464,-10.5,999,37.9209594726562,401
-330.399993896484,-34.7999992370605,-36.2999992370605,1484,62.9484176635742,210
-281.299987792969,-32.7000007629395,-27.6000003814697,1435,72.4643020629883,211
-336.5,-34.4000015258789,-38.9000015258789,1507,61.7218818664551,210
-299,-30.2999992370605,-28,1429,68.8170623779297,211
-192.300003051758,-15.8000001907349,-15.1000003814697,1199,57.8514213562012,301
-325.299987792969,-32.9000015258789,-37.2999992370605,1478,63.8295288085938,210
-9,53.5,29.7999992370605,482,7.91881990432739,701
-195.699996948242,-12.6000003814697,-15.5,1173,55.1569786071777,301
-148.199996948242,11.1999998092651,-5.30000019073486,865,26.5210990905762,501
-294.600006103516,-35,-29.3999996185303,1457,70.013801574707,210
-313.100006103516,-32.2999992370605,-30.5,1455,66.187370300293,210
-290.5,-27.8999996185303,-25.8999996185303,1386,70.3110122680664,211
-307.100006103516,-36.7000007629395,-31.7000007629395,1494,67.6678848266602,210
-79.3000030517578,33.0999984741211,11.6999998092651,661,16.3388595581055,601
-341.299987792969,-31.7999992370605,-37.7000007629395,1549,60.6163330078125,210
-336.399993896484,-36.9000015258789,-35.7999992370605,1520,61.8983688354492,210
-313.600006103516,-36.9000015258789,-33,1511,66.3986282348633,210
-248.5,-25.5,-23.6000003814697,1385,76.5767517089844,211
-339.100006103516,-38.0999984741211,-36.2999992370605,1553,61.440055847168,210
-250.600006103516,-22,-23.8999996185303,1369,74.7468032836914,211
-340,-38.4000015258789,-36.7999992370605,1565,61.2807998657227,210
-308,-33.2999992370605,-31.1000003814697,1473,67.2577209472656,210
-340.600006103516,-37.2999992370605,-36.2000007629395,1518,61.094123840332,210
-257.5,-28.1000003814697,-24.7000007629395,1394,76.7808532714844,211
-353.399993896484,-39.5,-39.0999984741211,1541,58.6971397399902,310
-339.399993896484,-37.2000007629395,-35.7999992370605,1521,61.3248634338379,210
-126.5,18.5,-1,786,22.6354503631592,501
-374.200012207031,-41.7000007629395,-43.5999984741211,1606,54.7021713256836,310
-352.799987792969,-35.7999992370605,-41.5999984741211,1565,58.5959548950195,310
-349.299987792969,-34.2999992370605,-40.5999984741211,1551,59.1958045959473,310
-302.600006103516,-34.0999984741211,-31.6000003814697,1480,68.3752670288086,210
-356.700012207031,-40.7999992370605,-39.5,1586,58.1203269958496,310
-371.5,-42.5999984741211,-42,1598,55.2878189086914,310
-198.600006103516,-11.1000003814697,-15.1000003814697,1177,55.4554710388184,301
-219,-15,-18.2999992370605,1249,62.6285018920898,201
-304.100006103516,-34.0999984741211,-31.8999996185303,1496,68.0800399780273,210
-313.399993896484,-35,-33,1497,66.3102035522461,210
-329.700012207031,-36,-35,1526,63.163158416748,210
-357.899993896484,-34.9000015258789,-42.2999992370605,1585,57.5378608703613,310
-350.100006103516,-35.5,-41.2999992370605,1555,59.1102905273438,310
-344.600006103516,-35.7000007629395,-40.0999984741211,1528,60.2065544128418,210
-357.899993896484,-38.2000007629395,-42.2999992370605,1563,57.7306442260742,310
-387.200012207031,-45.5999984741211,-44.5999984741211,1673,52.3287353515625,310
-360.200012207031,-36.4000015258789,-43.5,1589,57.1717414855957,310
-379.200012207031,-44.5,-43.2000007629395,1661,53.862117767334,310
-39.5,58.4000015258789,24.1000003814697,529,10.0290546417236,601
-389.700012207031,-45.5,-45,1670,51.8257293701172,310
-100.900001525879,44,10.1000003814697,694,17.6492290496826,601
-256.700012207031,-24.7999992370605,-23.8999996185303,1393,76.6777648925781,211
-360,-38.2999992370605,-41.5,1558,57.3213996887207,310
-362.799987792969,-38.0999984741211,-42.7999992370605,1609,56.7564659118652,310
-178.899993896484,4.80000019073486,-10.1000003814697,1000,37.8079986572266,401
-366.5,-39.2000007629395,-43.5,1607,56.0876388549805,310
-356,-40.4000015258789,-39.9000015258789,1604,58.2355194091797,310
-321.399993896484,-36.4000015258789,-35,1552,64.8262100219727,210
-357.700012207031,-36.7999992370605,-42.7000007629395,1584,57.6883239746094,310
-314.700012207031,-33.9000015258789,-32.9000015258789,1548,65.9803314208984,210
-363.399993896484,-38.0999984741211,-43.5999984741211,1610,56.6378936767578,310
-368.700012207031,-42.5999984741211,-41.9000015258789,1645,55.8436737060547,310
-266.700012207031,-24.6000003814697,-26.2999992370605,1422,74.7128372192383,211
-157.5,19.2999992370605,-4.90000009536743,877,26.8506946563721,501
-63.2000007629395,52.2000007629395,18.1000003814697,579,12.3025045394897,601
-284.299987792969,-26.6000003814697,-28.5,1482,71.4285278320312,210
-366.200012207031,-36.2999992370605,-45,1624,55.9823837280273,310
-214.899993896484,-9.69999980926514,-16.8999996185303,1189,56.5263290405273,301
-375.799987792969,-40.9000015258789,-44.4000015258789,1632,54.3409576416016,310
-382,-40.9000015258789,-47.5999984741211,1686,53.1122398376465,310
-292.200012207031,-27.8999996185303,-28.6000003814697,1500,69.9785232543945,210
-393.299987792969,-44.5999984741211,-46.7000007629395,1682,51.0627670288086,310
-250.899993896484,-18.1000003814697,-24.1000003814697,1354,72.994743347168,211
-354.700012207031,-39.7000007629395,-39.5999984741211,1616,58.4516792297363,310
-264.600006103516,-22.8999996185303,-22.7999992370605,1415,74.9911270141602,211
-358.700012207031,-40,-40.4000015258789,1639,57.6773986816406,310
-218,-2.09999990463257,-16.8999996185303,1226,59.6014595031738,301
-377,-39,-47.2999992370605,1678,53.9994010925293,310
-385.200012207031,-42,-46.4000015258789,1680,52.5363159179688,310
-327.299987792969,-33.2999992370605,-34.7000007629395,1566,63.4621849060059,210
-399.700012207031,-43.7000007629395,-50.7000007629395,1768,49.7446212768555,310
-183.899993896484,2.79999995231628,-11.3999996185303,1083,45.7497596740723,301
-374.200012207031,-42.7000007629395,-42.7999992370605,1694,54.7573280334473,310
-384.299987792969,-44.7000007629395,-44,1700,52.8583602905273,310
-366.200012207031,-41.2999992370605,-41.5,1664,56.266185760498,310
-392,-45.2999992370605,-45.5999984741211,1710,51.357479095459,310
-395.399993896484,-45.4000015258789,-46.7000007629395,1704,50.6857681274414,310
-366.100006103516,-42,-41,1660,56.3257598876953,310
-365.700012207031,-42.0999984741211,-40.5999984741211,1660,56.4108047485352,310
-292.700012207031,-25.2999992370605,-32.5999984741211,1522,69.694938659668,210
-382.899993896484,-41,-44.5999984741211,1682,52.9392204284668,310
-383.399993896484,-41.5,-44.9000015258789,1697,52.8667793273926,310
-341.799987792969,-36.2000007629395,-37.0999984741211,1587,60.7893714904785,210
-369.799987792969,-43,-41.5999984741211,1685,55.6477241516113,310
-391.799987792969,-42.2000007629395,-47.2000007629395,1719,51.2372093200684,310
-375.799987792969,-42.2000007629395,-42.7000007629395,1687,54.4122505187988,310
-363.399993896484,-39.7999992370605,-41.5,1655,56.7353363037109,310
-399.200012207031,-43.0999984741211,-49.9000015258789,1764,49.813892364502,310
-383.399993896484,-42,-44.5999984741211,1710,52.893440246582,310
-337,-33.0999984741211,-37.5999984741211,1615,61.5420608520508,210
-309,-28.6000003814697,-34.5,1563,66.7405166625977,210
-386.700012207031,-41.9000015258789,-45.7000007629395,1751,52.2334518432617,310
-164.899993896484,17.1000003814697,-6,1002,37.5025787353516,401
-355.899993896484,-37.5999984741211,-40.5,1645,58.090633392334,310
-400.100006103516,-42.7999992370605,-49.9000015258789,1767,49.6201438903809,310
-384.200012207031,-38.0999984741211,-48.2999992370605,1729,52.5273933410645,310
-374.5,-41.5999984741211,-43.2000007629395,1699,54.6371612548828,310
-287.700012207031,-22.5,-32.2000007629395,1512,70.4673461914062,210
-377.5,-42,-44.5,1704,54.0639991760254,310
-377.799987792969,-42,-44.2999992370605,1708,54.0044822692871,310
-379.399993896484,-42.4000015258789,-44.9000015258789,1712,53.7086906433105,310
-318.700012207031,-30.6000003814697,-35.0999984741211,1589,64.9745559692383,210
-225.100006103516,5.90000009536743,-15.8000001907349,1181,54.8522109985352,311
-386.200012207031,-38.5999984741211,-47.5999984741211,1719,52.1585350036621,310
-377.799987792969,-40.5,-44.7000007629395,1720,53.9228210449219,310
-390.700012207031,-40.2999992370605,-48.0999984741211,1735,51.3569564819336,310
-368.899993896484,-37.0999984741211,-43.2000007629395,1697,55.4947624206543,310
-340,-31.7999992370605,-38.5,1633,60.8716011047363,210
-361.700012207031,-35.2000007629395,-42.0999984741211,1688,56.8066291809082,310
-321.200012207031,-27.8999996185303,-35.7999992370605,1598,64.3067016601562,210
-310.200012207031,-25.6000003814697,-33.0999984741211,1550,66.3017730712891,210
-384,-37.4000015258789,-47.4000015258789,1711,52.5296783447266,310
-384.600006103516,-42.5,-45.2000007629395,1743,52.6819000244141,310
-377.700012207031,-38.7999992370605,-44.7999992370605,1734,53.8500442504883,310
-390.5,-41.2000007629395,-46.5999984741211,1772,51.4432792663574,310
-201.5,17.1000003814697,-10.1999998092651,1118,48.32421875,301
-246.399993896484,-1.20000004768372,-18.1000003814697,1350,71.3399963378906,211
-403.899993896484,-42.9000015258789,-49.5999984741211,1823,48.8705406188965,310
-383.399993896484,-36.5999984741211,-46.5,1714,52.6055145263672,310
-188.100006103516,24.7999992370605,-7.5,969,34.1398811340332,401
-387,-42.2999992370605,-46,1759,52.1949806213379,310
-387.799987792969,-41.4000015258789,-46.5,1777,51.9890174865723,310
-397.299987792969,-41.5999984741211,-48,1819,50.1154670715332,310
-350,-31.8999996185303,-40.5,1697,58.9140014648438,310
-88,55.5999984741211,15.1999998092651,772,20.8812808990479,501
-144.699996948242,40,2.70000004768372,868,25.7673206329346,501
-357.899993896484,-34,-41.9000015258789,1699,57.4852828979492,310
-389.600006103516,-40,-46.0999984741211,1800,51.5592002868652,310
-321.5,-26.1000003814697,-36.4000015258789,1634,64.129768371582,210
-390.5,-40.5999984741211,-46.7000007629395,1797,51.4121398925781,310
-298,-20.1000003814697,-31.2999992370605,1552,68.295036315918,210
-389.799987792969,-39.2999992370605,-45.7999992370605,1818,51.4831733703613,310
-333.5,-28.5,-37.7000007629395,1666,61.9390487670898,210
-375.299987792969,-36.7000007629395,-44.2999992370605,1762,54.209300994873,310
-181.600006103516,27.2000007629395,-6.5,1046,41.1568794250488,401
-378.399993896484,-36.9000015258789,-44.7999992370605,1776,53.6084098815918,310
-391.5,-41.0999984741211,-47.4000015258789,1802,51.2398681640625,310
-342,-29.3999996185303,-39.0999984741211,1696,60.3310394287109,210
-388.600006103516,-37.2999992370605,-46.7999992370605,1756,51.6160430908203,310
-311.299987792969,-22.7999992370605,-33.7000007629395,1603,65.8974761962891,210
-363.899993896484,-33.5,-42.5,1740,56.2758712768555,310
-369.200012207031,-35.0999984741211,-43.2000007629395,1742,55.3232116699219,310
-390.600006103516,-39.5,-46.2999992370605,1817,51.3352584838867,310
-348.100006103516,-30.3999996185303,-40,1706,59.1965522766113,310
-269.600006103516,-10.8999996185303,-24.1000003814697,1465,73.1052703857422,210
-361.100006103516,-32.7999992370605,-42,1741,56.7861824035645,310
-380.899993896484,-36.4000015258789,-43.9000015258789,1775,53.0880508422852,310
-393.399993896484,-39.0999984741211,-47.2999992370605,1822,50.760612487793,310
-149.399993896484,37.9000015258789,1,984,34.9862403869629,401
-385.600006103516,-36.7999992370605,-45.7000007629395,1786,52.1819839477539,310
-397,-38.2999992370605,-49,1760,50.0079803466797,310
-374.399993896484,-33.5999984741211,-45,1749,54.2160339355469,310
-199.600006103516,15.8999996185303,-7.30000019073486,1287,64.1726684570312,201
-333.899993896484,-26.2999992370605,-37.9000015258789,1679,61.7216873168945,210
-391,-38.4000015258789,-46.7999992370605,1819,51.1991195678711,310
-286.700012207031,-15.5,-28.1000003814697,1525,70.1532287597656,210
-369.200012207031,-31.7000007629395,-44.5,1722,55.1322708129883,310
-370.5,-33.4000015258789,-44,1745,54.9720611572266,310
-75.5,57.2999992370605,17.2000007629395,801,22.1141395568848,501
-379.100006103516,-35.2999992370605,-44.5999984741211,1751,53.3835525512695,310
-260.299987792969,-6.80000019073486,-21.6000003814697,1461,74.572998046875,210
-320.399993896484,-23.3999996185303,-36,1646,64.1665267944336,210
-379,-35.5,-45.2000007629395,1768,53.4141006469727,310
-163.100006103516,30.1000003814697,-0.200000002980232,1169,52.3423118591309,301
-294,-16.5,-30.8999996185303,1546,68.8147964477539,210
-364.100006103516,-31.1000003814697,-42.0999984741211,1640,56.0992965698242,310
-317.5,-21.3999996185303,-36.0999984741211,1616,64.5980987548828,210
-215.100006103516,8.30000019073486,-12,1315,67.3315505981445,201
-338.299987792969,-25.2999992370605,-37.2000007629395,1538,60.8002052307129,210
-256.799987792969,-5.69999980926514,-22.7000007629395,1410,75.15625,211
-364.399993896484,-30.2000007629395,-43.7999992370605,1714,55.9890251159668,310
-373.100006103516,-31.2000007629395,-45.7000007629395,1728,54.3388557434082,310
-370.399993896484,-31.1000003814697,-45.2999992370605,1651,54.8631134033203,310
-361.200012207031,-28.1000003814697,-44,1705,56.4950523376465,310
-245.399993896484,-2.5,-21.1000003814697,1349,71.3422470092773,211
-263.200012207031,-7.30000019073486,-26,1400,74.0567245483398,211
-306.399993896484,-18.5,-31.2999992370605,1415,66.5553207397461,211
-137.5,37.2000007629395,4.19999980926514,1086,44.157958984375,401
-300.700012207031,-16.7000007629395,-31.2999992370605,1357,67.5336608886719,211
-265.5,-9.10000038146973,-22.2999992370605,1262,63.4924201965332,211
-301.399993896484,-15.1999998092651,-33.7999992370605,1511,67.2937469482422,210
-356.200012207031,-26.5,-43.5,1683,57.3791389465332,310
-335.399993896484,-22.7999992370605,-39.7999992370605,1623,61.2085762023926,210
-242.100006103516,-4.5,-17.6000003814697,1196,56.8881988525391,311
-247.699996948242,-1.60000002384186,-22.7999992370605,1325,68.9909973144531,211
-391.700012207031,-35,-49.9000015258789,1758,50.8850975036621,310
-310,-16.3999996185303,-35.7000007629395,1527,65.715202331543,210
-291.399993896484,-11.6000003814697,-32.2000007629395,1458,68.965950012207,210
-346.299987792969,-25.6000003814697,-41.7999992370605,1470,59.2579460144043,310
-370.700012207031,-30,-45.5,1727,54.7427978515625,310
-292,-12.1000003814697,-32.5,1467,68.886360168457,210
-392.600006103516,-34.7999992370605,-51.0999984741211,1737,50.6975021362305,310
-349.600006103516,-23.7000007629395,-42.5,1644,58.4998931884766,310
-407.399993896484,-38.9000015258789,-54.5999984741211,1618,47.9814300537109,310
-387.100006103516,-33.7999992370605,-50.2999992370605,1525,51.7282028198242,310
-387.700012207031,-33.2999992370605,-50.0999984741211,1746,51.5839157104492,310
-379.399993896484,-31.2000007629395,-48.5999984741211,1726,53.1025466918945,310
-382.600006103516,-32.4000015258789,-50.5,1680,52.5387496948242,310
-360,-27,-44.0999984741211,1705,56.6660003662109,310
-349.399993896484,-24.3999996185303,-42.0999984741211,1652,58.5809288024902,310
-369.600006103516,-28.7999992370605,-46.7000007629395,1679,54.8911018371582,310
-422.299987792969,-41.5999984741211,-58.0999984741211,1718,45.1574668884277,310
-403.600006103516,-37,-55.0999984741211,1729,48.6393585205078,310
