"slc","region","ps","lt","cf","surface","subsurface","pattern","inundationPeriod","usableGrowingSeasonLength","frequency","points","class"
1,1,12,"simple",77,0,0,0,1,1,1,43.9189629996199,"4TP"
2,1,5,"complex",57,0,0,0,1,1,1,61.1871856450133,"2TP"
3,1,69,"simple",87,0,0,0,1,1,1,5.29805643657219,"7T"
4,2,17,"complex",22,0,0,0,1,1,1,46.8178495236115,"3T"
5,1,58,"simple",49,0,0,0,1,1,1,8.13631576360671,"7T"
6,2,25,"complex",65,0,0,0,1,1,1,25.747716010323,"5T"
7,1,66,"simple",38,0,0,0,1,1,1,6.81608389325168,"7T"
8,1,77,"complex",64,0,0,0,1,1,1,4.34659358545844,"7T"
9,1,91,"simple",78,0,0,0,1,1,1,2.82009854509629,"7T"
10,1,88,"complex",36,0,0,0,1,1,1,3.66276038711337,"7T"
11,1,45,"simple",2,0,0,0,1,1,1,17.7295948660122,"6T"
12,1,39,"complex",84,0,0,0,1,1,1,14.1081412955827,"6T"
13,1,2,"simple",78,0,0,0,1,1,1,64.4320033512839,"2P"
14,1,0,"complex",30,0,0,0,1,1,1,85.7155914629697,"1"
15,1,4,"simple",8,0,0,0,1,1,1,88.7980168578918,"1"
16,1,64,"complex",68,0,0,0,1,1,1,6.27343162510964,"7T"
17,1,45,"simple",4,0,0,0,1,1,1,17.4221507130962,"6T"
18,2,69,"complex",30,0,0,0,1,1,1,6.59576969745086,"7T"
19,1,49,"simple",42,0,0,0,1,1,1,11.3385384500934,"6T"
20,2,38,"complex",71,0,0,0,1,1,1,14.8702655446182,"6T"
21,1,37,"simple",67,0,0,0,1,1,1,15.6092570059246,"6T"
22,2,57,"complex",46,0,0,0,1,1,1,8.53492754973832,"7T"
23,2,27,"simple",94,0,0,0,1,1,1,23.0995280956076,"5T"
24,2,25,"complex",64,0,0,0,1,1,1,25.8300836779505,"5T"
25,1,70,"simple",84,0,0,0,1,1,1,5.1425221771459,"7T"
26,1,34,"complex",55,0,0,0,1,1,1,18.3666369438106,"6T"
27,2,61,"simple",88,0,0,0,1,1,1,6.72832903475748,"7T"
28,2,53,"complex",33,0,0,0,1,1,1,10.5378521379305,"6T"
29,2,95,"simple",76,0,0,0,1,1,1,2.51270281720926,"7T"
30,1,97,"complex",81,0,0,0,1,1,1,2.35534877077195,"7T"
31,1,21,"simple",45,0,0,0,1,1,1,33.545749097105,"4T"
32,1,95,"complex",76,0,0,0,1,1,1,2.51270281720926,"7T"
33,2,2,"simple",55,0,0,0,1,1,1,68.8102265856332,"2P"
34,1,15,"complex",6,0,0,0,1,1,1,58.2508879659665,"3T"
35,2,86,"simple",78,0,0,0,1,1,1,3.25913875653326,"7T"
36,1,51,"complex",23,0,0,0,1,1,1,12.1196593551362,"6T"
37,1,95,"simple",23,0,0,0,1,1,1,3.28111633115366,"7T"
38,2,73,"complex",9,0,0,0,1,1,1,6.94330380928285,"7T"
39,1,75,"simple",9,0,0,0,1,1,1,6.55496608788176,"7T"
40,1,52,"complex",9,0,0,0,1,1,1,13.1512649818631,"6T"
41,1,35,"simple",44,0,0,0,1,1,1,18.7005848055251,"6T"
42,2,10,"complex",45,0,0,0,1,1,1,53.5551700359298,"3TP"
43,2,85,"simple",37,0,0,0,1,1,1,3.96635097110192,"7T"
44,1,94,"complex",10,0,0,0,1,1,1,3.75849017167073,"7T"
45,1,92,"simple",50,0,0,0,1,1,1,2.99728948726635,"7T"
46,1,70,"complex",96,0,0,0,1,1,1,5.20177474975075,"7T"
47,2,48,"simple",10,0,0,0,1,1,1,14.9082466114426,"6T"
48,2,42,"complex",5,0,0,0,1,1,1,19.2360305121029,"6T"
49,2,85,"simple",55,0,0,0,1,1,1,3.58198380391549,"7T"
50,2,68,"complex",23,0,0,0,1,1,1,7.15983381592569,"7T"
51,1,31,"simple",50,0,0,0,1,1,1,21.2658230211858,"5T"
52,1,87,"complex",91,0,0,0,1,1,1,3.16841528838871,"7T"
53,2,43,"simple",16,0,0,0,1,1,1,16.9013234241157,"6T"
54,1,85,"complex",13,0,0,0,1,1,1,4.76020734283543,"7T"
55,1,96,"simple",39,0,0,0,1,1,1,2.83960611412256,"7T"
56,1,6,"complex",86,0,0,0,1,1,1,55.5065180742107,"3TP"
57,1,87,"simple",71,0,0,0,1,1,1,3.20267554878555,"7T"
58,1,20,"complex",66,0,0,0,1,1,1,31.9121879589374,"4T"
59,2,91,"simple",19,0,0,0,1,1,1,3.81016059953127,"7T"
60,2,90,"complex",36,0,0,0,1,1,1,3.45654442172346,"7T"
61,1,21,"simple",53,0,0,0,1,1,1,32.1460966171399,"4T"
62,1,89,"complex",33,0,0,0,1,1,1,3.63257793038195,"7T"
63,2,3,"simple",35,0,0,0,1,1,1,74.5347215491322,"2P"
64,1,44,"complex",50,0,0,0,1,1,1,12.8892594741882,"6T"
65,1,98,"simple",35,0,0,0,1,1,1,2.74557588821851,"7T"
66,1,8,"complex",66,0,0,0,1,1,1,52.806850733091,"3TP"
67,2,46,"simple",17,0,0,0,1,1,1,15.0697546433107,"6T"
68,2,12,"complex",33,0,0,0,1,1,1,53.3164782831907,"3T"
69,2,17,"simple",10,0,0,0,1,1,1,51.655575819117,"3T"
70,2,33,"complex",77,0,0,0,1,1,1,17.9251096106247,"6T"
71,2,1,"simple",7,0,0,0,1,1,1,99.6314251908538,"1"
72,1,77,"complex",69,0,0,0,1,1,1,4.28430890341894,"7T"
73,2,56,"simple",74,0,0,0,1,1,1,7.91837846161199,"7T"
74,2,6,"complex",62,0,0,0,1,1,1,57.7860845736648,"3TP"
75,1,70,"simple",5,0,0,0,1,1,1,7.83915825923138,"7T"
76,1,86,"complex",44,0,0,0,1,1,1,3.68795852536393,"7T"
77,2,2,"simple",55,0,0,0,1,1,1,68.8102265856332,"2P"
78,1,79,"complex",76,0,0,0,1,1,1,3.99160470837789,"7T"
79,1,85,"simple",74,0,0,0,1,1,1,3.3724939283198,"7T"
80,1,64,"complex",6,0,0,0,1,1,1,9.27613039985163,"7T"
81,2,71,"simple",47,0,0,0,1,1,1,5.57388749964593,"7T"
82,1,53,"complex",35,0,0,0,1,1,1,10.3928109991096,"6T"
83,1,99,"simple",32,0,0,0,1,1,1,2.71953734941714,"7T"
84,1,26,"complex",76,0,0,0,1,1,1,24.0571589403322,"5T"
85,2,49,"simple",100,0,0,0,1,1,1,10.0722011821506,"6T"
86,1,31,"complex",9,0,0,0,1,1,1,28.5261205124512,"5T"
87,1,4,"simple",90,0,0,0,1,1,1,59.9440270041508,"3P"
88,1,5,"complex",50,0,0,0,1,1,1,63.2581069295289,"2TP"
89,1,92,"simple",24,0,0,0,1,1,1,3.55731536066294,"7T"
90,2,75,"complex",55,0,0,0,1,1,1,4.76865004296828,"7T"
91,1,39,"simple",58,0,0,0,1,1,1,14.9197392983963,"6T"
92,1,34,"complex",48,0,0,0,1,1,1,19.0228694000332,"6T"
93,2,85,"simple",92,0,0,0,1,1,1,3.35993291016704,"7T"
94,1,26,"complex",78,0,0,0,1,1,1,23.9992380102889,"5T"
95,2,60,"simple",91,0,0,0,1,1,1,6.95565927217099,"7T"
96,1,74,"complex",36,0,0,0,1,1,1,5.47086359219892,"7T"
97,1,38,"simple",12,0,0,0,1,1,1,21.0429093744363,"5T"
98,1,80,"complex",72,0,0,0,1,1,1,3.90556715747405,"7T"
99,2,25,"simple",53,0,0,0,1,1,1,27.0113820002963,"5T"
100,2,11,"complex",67,0,0,0,1,1,1,46.6952581625378,"3TP"
101,1,94,"simple",55,0,0,0,1,1,1,2.75762293823904,"7T"
102,1,52,"complex",8,0,0,0,1,1,1,13.2642169724666,"6T"
103,1,5,"simple",95,0,0,0,1,1,1,58.1710006488305,"3TP"
104,2,21,"complex",87,0,0,0,1,1,1,29.7413745411585,"5T"
105,2,29,"simple",48,0,0,0,1,1,1,23.3638246642321,"5T"
106,2,37,"complex",7,0,0,0,1,1,1,22.8196921982296,"5T"
107,2,11,"simple",38,0,0,0,1,1,1,53.700783229028,"3T"
108,2,97,"complex",27,0,0,0,1,1,1,2.99726112859385,"7T"
109,1,68,"simple",65,0,0,0,1,1,1,5.62075519865252,"7T"
110,1,40,"complex",85,0,0,0,1,1,1,13.5878013799378,"6T"
111,1,17,"simple",82,0,0,0,1,1,1,35.388056634998,"4TP"
112,1,63,"complex",42,0,0,0,1,1,1,7.26792918853537,"7T"
113,2,81,"simple",39,0,0,0,1,1,1,4.38944479499582,"7T"
114,2,49,"complex",44,0,0,0,1,1,1,11.2025946312046,"6T"
115,2,51,"simple",86,0,0,0,1,1,1,9.23123751645953,"7T"
116,1,71,"complex",23,0,0,0,1,1,1,6.55983310090013,"7T"
117,2,62,"simple",34,0,0,0,1,1,1,7.89362665570839,"7T"
118,2,25,"complex",87,0,0,0,1,1,1,24.9907675732169,"5T"
119,2,39,"simple",4,0,0,0,1,1,1,21.6940500743033,"5T"
120,2,80,"complex",51,0,0,0,1,1,1,4.21329119442369,"7T"
121,1,95,"simple",0,0,0,0,1,1,1,3.9792284055223,"7T"
122,1,30,"complex",75,0,0,0,1,1,1,20.3341979666656,"5T"
123,1,83,"simple",13,0,0,0,1,1,1,5.0408650616706,"7T"
124,1,35,"complex",42,0,0,0,1,1,1,18.9275169580851,"6T"
125,2,68,"simple",25,0,0,0,1,1,1,7.0501272359543,"7T"
126,2,15,"complex",6,0,0,0,1,1,1,58.2508879659665,"3T"
127,2,96,"simple",62,0,0,0,1,1,1,2.52526417886095,"7T"
128,1,22,"complex",81,0,0,0,1,1,1,28.4782708173866,"5T"
129,2,51,"simple",78,0,0,0,1,1,1,9.25897746164035,"7T"
130,2,19,"complex",43,0,0,0,1,1,1,37.0399844927261,"4T"
131,2,67,"simple",34,0,0,0,1,1,1,6.79856936835519,"7T"
132,1,94,"complex",14,0,0,0,1,1,1,3.63428163467697,"7T"
133,2,53,"simple",92,0,0,0,1,1,1,8.68587162846988,"7T"
134,2,77,"complex",7,0,0,0,1,1,1,6.29671821037564,"7T"
135,2,96,"simple",55,0,0,0,1,1,1,2.59825629971166,"7T"
136,2,5,"complex",64,0,0,0,1,1,1,59.5876935966009,"3TP"
137,1,76,"simple",2,0,0,0,1,1,1,6.76768091623658,"7T"
138,2,0,"complex",74,0,0,0,1,1,1,69.4112451185414,"2P"
139,1,13,"simple",11,0,0,0,1,1,1,60.735237251072,"2T"
140,2,1,"complex",81,0,0,0,1,1,1,66.5569791106708,"2P"
141,2,65,"simple",6,0,0,0,1,1,1,9.00326061146221,"7T"
142,1,85,"complex",49,0,0,0,1,1,1,3.69000856330014,"7T"
143,1,48,"simple",22,0,0,0,1,1,1,13.5120368991628,"6T"
144,1,24,"complex",54,0,0,0,1,1,1,28.0732210718636,"5T"
145,1,13,"simple",90,0,0,0,1,1,1,42.0602681660639,"4TP"
146,2,28,"complex",47,0,0,0,1,1,1,24.5068765958546,"5T"
147,1,20,"simple",37,0,0,0,1,1,1,36.8364122233326,"4T"
148,1,20,"complex",96,0,0,0,1,1,1,31.4066740231238,"4T"
149,2,25,"simple",83,0,0,0,1,1,1,24.9782560280854,"5T"
150,1,48,"complex",91,0,0,0,1,1,1,10.2478213383121,"6T"
151,1,45,"simple",51,0,0,0,1,1,1,12.375809687289,"6T"
152,1,40,"complex",81,0,0,0,1,1,1,13.599145818168,"6T"
153,2,32,"simple",36,0,0,0,1,1,1,22.201553662988,"5T"
154,2,30,"complex",27,0,0,0,1,1,1,25.7150692242284,"5T"
155,2,66,"simple",69,0,0,0,1,1,1,5.89550696783444,"7T"
156,2,3,"complex",2,0,0,0,1,1,1,96.9921714943448,"1"
157,1,89,"simple",87,0,0,0,1,1,1,2.98110934056014,"7T"
158,2,99,"complex",48,0,0,0,1,1,1,2.45769843800069,"7T"
159,2,42,"simple",59,0,0,0,1,1,1,13.2905878276099,"6T"
160,2,29,"complex",79,0,0,0,1,1,1,21.1023273911071,"5T"
161,1,15,"simple",53,0,0,0,1,1,1,41.6880043248849,"4T"
162,1,42,"complex",84,0,0,0,1,1,1,12.6189203276071,"6T"
163,1,97,"simple",95,0,0,0,1,1,1,2.37597956304827,"7T"
164,2,52,"complex",90,0,0,0,1,1,1,8.95414794745821,"7T"
165,1,34,"simple",90,0,0,0,1,1,1,17.1894260515897,"6T"
166,2,70,"complex",89,0,0,0,1,1,1,5.15218292278221,"7T"
167,2,2,"simple",51,0,0,0,1,1,1,70.1507725864124,"2P"
168,1,8,"complex",2,0,0,0,1,1,1,80.3985373447813,"1T"
169,2,57,"simple",33,0,0,0,1,1,1,9.27379571621686,"7T"
170,2,61,"complex",94,0,0,0,1,1,1,6.77377934353174,"7T"
171,2,46,"simple",60,0,0,0,1,1,1,11.4761942677298,"6T"
172,2,78,"complex",57,0,0,0,1,1,1,4.33737199311871,"7T"
173,1,90,"simple",26,0,0,0,1,1,1,3.7138824009903,"7T"
174,2,88,"complex",77,0,0,0,1,1,1,3.08012416064611,"7T"
175,1,65,"simple",17,0,0,0,1,1,1,8.20714356380999,"7T"
176,1,43,"complex",34,0,0,0,1,1,1,14.7341744771001,"6T"
177,1,62,"simple",87,0,0,0,1,1,1,6.52331876688035,"7T"
178,1,92,"complex",19,0,0,0,1,1,1,3.70034191159037,"7T"
179,2,95,"simple",17,0,0,0,1,1,1,3.44195434379363,"7T"
180,2,82,"complex",86,0,0,0,1,1,1,3.6439085551219,"7T"
181,1,22,"simple",15,0,0,0,1,1,1,39.845822441877,"4T"
182,1,92,"complex",6,0,0,0,1,1,1,4.12554674151247,"7T"
183,2,83,"simple",68,0,0,0,1,1,1,3.61833226675089,"7T"
184,1,96,"complex",24,0,0,0,1,1,1,3.16002228981372,"7T"
185,2,66,"simple",23,0,0,0,1,1,1,7.59469931053396,"7T"
186,2,18,"complex",75,0,0,0,1,1,1,34.1157120157795,"4TP"
187,2,47,"simple",93,0,0,0,1,1,1,10.6333028836629,"6T"
188,2,38,"complex",77,0,0,0,1,1,1,14.7197580237836,"6T"
189,1,30,"simple",2,0,0,0,1,1,1,31.5940756535453,"4T"
190,1,15,"complex",75,0,0,0,1,1,1,38.8205158752352,"4TP"
191,1,68,"simple",93,0,0,0,1,1,1,5.4869222762842,"7T"
192,1,79,"complex",52,0,0,0,1,1,1,4.31371676746553,"7T"
193,1,58,"simple",45,0,0,0,1,1,1,8.31972830459069,"7T"
194,2,48,"complex",50,0,0,0,1,1,1,11.2088875452691,"6T"
195,1,10,"simple",79,0,0,0,1,1,1,47.5607944624977,"3TP"
196,2,64,"complex",14,0,0,0,1,1,1,8.66728825179318,"7T"
197,1,13,"simple",15,0,0,0,1,1,1,58.7390380227568,"3T"
198,1,79,"complex",33,0,0,0,1,1,1,4.83946860106043,"7T"
199,2,56,"simple",34,0,0,0,1,1,1,9.50441353587796,"7T"
200,2,61,"complex",29,0,0,0,1,1,1,8.43327671616263,"7T"
201,1,80,"simple",75,0,0,0,1,1,1,3.88479457731193,"7T"
202,2,69,"complex",35,0,0,0,1,1,1,6.36699551485142,"7T"
203,1,14,"simple",13,0,0,0,1,1,1,57.2631687602397,"3T"
204,2,78,"complex",19,0,0,0,1,1,1,5.53599320309498,"7T"
205,2,74,"simple",24,0,0,0,1,1,1,5.96880587578618,"7T"
206,2,34,"complex",78,0,0,0,1,1,1,17.1980136069266,"6T"
207,2,52,"simple",65,0,0,0,1,1,1,9.20577366776262,"7T"
208,2,43,"complex",98,0,0,0,1,1,1,12.360775540077,"6T"
209,2,94,"simple",86,0,0,0,1,1,1,2.57442609128115,"7T"
210,2,85,"complex",30,0,0,0,1,1,1,4.16467549714055,"7T"
211,1,82,"simple",3,0,0,0,1,1,1,5.650947826228,"7T"
212,2,98,"complex",67,0,0,0,1,1,1,2.3399112145336,"7T"
213,1,11,"simple",2,0,0,0,1,1,1,71.2992404529832,"2T"
214,2,20,"complex",26,0,0,0,1,1,1,39.8448682704163,"4T"
215,1,3,"simple",65,0,0,0,1,1,1,63.8998420441216,"2P"
216,2,27,"complex",22,0,0,0,1,1,1,30.3324816800972,"4T"
217,1,20,"simple",49,0,0,0,1,1,1,34.2699568282502,"4T"
218,1,28,"complex",84,0,0,0,1,1,1,21.9625770654125,"5T"
219,1,75,"simple",61,0,0,0,1,1,1,4.65159375968812,"7T"
220,1,65,"complex",36,0,0,0,1,1,1,7.11556039553308,"7T"
221,1,52,"simple",28,0,0,0,1,1,1,11.2884890841701,"6T"
222,1,84,"complex",47,0,0,0,1,1,1,3.83895512429641,"7T"
223,2,66,"simple",44,0,0,0,1,1,1,6.56547837294307,"7T"
224,2,65,"complex",4,0,0,0,1,1,1,9.16094202609324,"7T"
225,2,9,"simple",12,0,0,0,1,1,1,70.9169297055516,"2T"
226,2,99,"complex",44,0,0,0,1,1,1,2.51428227054465,"7T"
227,2,53,"simple",46,0,0,0,1,1,1,9.69827320757305,"7T"
228,2,75,"complex",54,0,0,0,1,1,1,4.79076067425844,"7T"
229,1,18,"simple",71,0,0,0,1,1,1,34.3702541137718,"4TP"
230,2,88,"complex",88,0,0,0,1,1,1,3.07026632973154,"7T"
231,1,25,"simple",2,0,0,0,1,1,1,39.0818945238798,"4T"
232,2,26,"complex",23,0,0,0,1,1,1,31.4141157241794,"4T"
233,1,54,"simple",14,0,0,0,1,1,1,11.8150170039921,"6T"
234,2,71,"complex",25,0,0,0,1,1,1,6.45932003409093,"7T"
235,1,82,"simple",82,0,0,0,1,1,1,3.64451688700248,"7T"
236,1,51,"complex",43,0,0,0,1,1,1,10.5400235614654,"6T"
237,1,4,"simple",62,0,0,0,1,1,1,62.2499504194242,"2P"
238,2,72,"complex",54,0,0,0,1,1,1,5.22329471684181,"7T"
239,2,47,"simple",42,0,0,0,1,1,1,12.1404997850707,"6T"
240,2,79,"complex",30,0,0,0,1,1,1,4.94435385499395,"7T"
241,1,68,"simple",4,0,0,0,1,1,1,8.38367672165889,"7T"
242,1,21,"complex",42,0,0,0,1,1,1,34.1525133371813,"4T"
243,1,95,"simple",16,0,0,0,1,1,1,3.47022094653476,"7T"
244,1,11,"complex",40,0,0,0,1,1,1,53.0122141073859,"3T"
245,2,95,"simple",3,0,0,0,1,1,1,3.8756537319987,"7T"
246,1,71,"complex",2,0,0,0,1,1,1,7.81666350281402,"7T"
247,1,58,"simple",0,0,0,0,1,1,1,11.7402490997112,"6T"
248,2,44,"complex",49,0,0,0,1,1,1,12.9573814155512,"6T"
249,2,30,"simple",47,0,0,0,1,1,1,22.5290270311325,"5T"
250,1,31,"complex",90,0,0,0,1,1,1,19.4222459807303,"6T"
251,1,42,"simple",3,0,0,0,1,1,1,19.5742348541593,"6T"
252,1,5,"complex",92,0,0,0,1,1,1,57.9040177639825,"3TP"
253,1,23,"simple",46,0,0,0,1,1,1,30.5670508829945,"4T"
254,2,97,"complex",68,0,0,0,1,1,1,2.40515739711493,"7T"
255,1,91,"simple",9,0,0,0,1,1,1,4.13990747335694,"7T"
256,1,13,"complex",77,0,0,0,1,1,1,42.1285591887482,"4TP"
257,2,51,"simple",55,0,0,0,1,1,1,9.88813483903644,"7T"
258,2,52,"complex",65,0,0,0,1,1,1,9.20577366776262,"7T"
259,2,29,"simple",55,0,0,0,1,1,1,22.5578421531954,"5T"
260,2,47,"complex",14,0,0,0,1,1,1,14.9193527246504,"6T"
261,1,15,"simple",46,0,0,0,1,1,1,43.2536980755991,"4T"
262,1,7,"complex",46,0,0,0,1,1,1,59.9374001703048,"3TP"
263,1,75,"simple",87,0,0,0,1,1,1,4.45352709669688,"7T"
264,1,60,"complex",58,0,0,0,1,1,1,7.32795843649988,"7T"
265,2,48,"simple",81,0,0,0,1,1,1,10.2179877967629,"6T"
266,2,21,"complex",86,0,0,0,1,1,1,29.7302071009509,"5T"
267,1,99,"simple",13,0,0,0,1,1,1,3.15343918966689,"7T"
268,1,77,"complex",31,0,0,0,1,1,1,5.19770060776868,"7T"
269,1,53,"simple",82,0,0,0,1,1,1,8.64618375406381,"7T"
270,2,49,"complex",85,0,0,0,1,1,1,9.86828545264961,"7T"
271,1,5,"simple",52,0,0,0,1,1,1,62.6183101098608,"2TP"
272,2,68,"complex",15,0,0,0,1,1,1,7.63507725781728,"7T"
273,2,46,"simple",83,0,0,0,1,1,1,10.9405167596389,"6T"
274,2,79,"complex",47,0,0,0,1,1,1,4.42887514259287,"7T"
275,1,64,"simple",85,0,0,0,1,1,1,6.13838961729534,"7T"
276,2,1,"complex",43,0,0,0,1,1,1,75.9457466576453,"2P"
277,2,19,"simple",27,0,0,0,1,1,1,41.3076319172172,"4T"
278,1,3,"complex",43,0,0,0,1,1,1,70.7879318830595,"2P"
279,2,93,"simple",92,0,0,0,1,1,1,2.66417540904274,"7T"
280,2,67,"complex",66,0,0,0,1,1,1,5.77095497126883,"7T"
281,1,26,"simple",97,0,0,0,1,1,1,24.2459012856635,"5T"
282,1,15,"complex",70,0,0,0,1,1,1,39.1986639025752,"4TP"
283,1,36,"simple",40,0,0,0,1,1,1,18.4249033204482,"6T"
284,2,83,"complex",65,0,0,0,1,1,1,3.64981273271645,"7T"
285,2,46,"simple",91,0,0,0,1,1,1,10.980703990272,"6T"
286,1,0,"complex",60,0,0,0,1,1,1,72.1860863010637,"2P"
287,1,19,"simple",29,0,0,0,1,1,1,40.6983548419596,"4T"
288,1,17,"complex",76,0,0,0,1,1,1,35.5741230296908,"4TP"
289,1,62,"simple",16,0,0,0,1,1,1,9.05464621073266,"7T"
290,2,77,"complex",36,0,0,0,1,1,1,5.01961905182141,"7T"
291,2,6,"simple",51,0,0,0,1,1,1,60.6146930112421,"2TP"
292,1,82,"complex",24,0,0,0,1,1,1,4.7471185928143,"7T"
293,1,75,"simple",23,0,0,0,1,1,1,5.84482463532659,"7T"
294,1,56,"complex",69,0,0,0,1,1,1,8.00194022673911,"7T"
295,2,35,"simple",8,0,0,0,1,1,1,24.4687875212931,"5T"
296,2,1,"complex",43,0,0,0,1,1,1,75.9457466576453,"2P"
297,2,91,"simple",72,0,0,0,1,1,1,2.84614972150864,"7T"
298,2,38,"complex",10,0,0,0,1,1,1,21.4014354211863,"5T"
299,2,97,"simple",59,0,0,0,1,1,1,2.47854407158802,"7T"
300,2,24,"complex",99,0,0,0,1,1,1,26.5543666257536,"5T"
301,1,38,"simple",13,0,0,0,1,1,1,20.8673172662178,"5T"
302,1,28,"complex",99,0,0,0,1,1,1,22.361413211026,"5T"
303,1,75,"simple",97,0,0,0,1,1,1,4.51112622059473,"7T"
304,1,6,"complex",71,0,0,0,1,1,1,56.3057563261897,"3TP"
305,2,79,"simple",60,0,0,0,1,1,1,4.16392803208715,"7T"
306,1,4,"complex",10,0,0,0,1,1,1,87.2956728082234,"1"
307,1,54,"simple",76,0,0,0,1,1,1,8.41484626517656,"7T"
308,2,6,"complex",38,0,0,0,1,1,1,65.4031726533199,"2TP"
309,1,49,"simple",27,0,0,0,1,1,1,12.5682120847877,"6T"
310,1,23,"complex",22,0,0,0,1,1,1,36.0527448108621,"4T"
311,1,79,"simple",4,0,0,0,1,1,1,6.10322820906825,"7T"
312,1,49,"complex",96,0,0,0,1,1,1,9.98157196921209,"7T"
313,1,56,"simple",39,0,0,0,1,1,1,9.19146653243858,"7T"
314,2,36,"complex",9,0,0,0,1,1,1,23.3230055132442,"5T"
315,2,57,"simple",19,0,0,0,1,1,1,10.3095447319214,"6T"
316,1,17,"complex",46,0,0,0,1,1,1,39.6941646503834,"4T"
317,2,26,"simple",90,0,0,0,1,1,1,23.9872543714126,"5T"
318,2,7,"complex",65,0,0,0,1,1,1,55.0652566177463,"3TP"
319,1,50,"simple",75,0,0,0,1,1,1,9.60955778236518,"7T"
320,1,0,"complex",97,0,0,0,1,1,1,69.7415833657156,"2P"
321,2,98,"simple",42,0,0,0,1,1,1,2.62347615909292,"7T"
322,1,18,"complex",76,0,0,0,1,1,1,34.0662177189971,"4TP"
323,1,70,"simple",88,0,0,0,1,1,1,5.1485333077941,"7T"
324,2,28,"complex",10,0,0,0,1,1,1,32.0719272102459,"4T"
325,1,70,"simple",29,0,0,0,1,1,1,6.4531633103423,"7T"
326,2,44,"complex",71,0,0,0,1,1,1,11.9115380860732,"6T"
327,2,41,"simple",85,0,0,0,1,1,1,13.0918468759298,"6T"
328,1,67,"complex",67,0,0,0,1,1,1,5.75431249359657,"7T"
329,1,6,"simple",94,0,0,0,1,1,1,55.9327784811041,"3TP"
330,1,81,"complex",91,0,0,0,1,1,1,3.76285073247654,"7T"
331,1,100,"simple",76,0,0,0,1,1,1,2.15999407596176,"7T"
332,1,61,"complex",77,0,0,0,1,1,1,6.74993195868625,"7T"
333,2,40,"simple",97,0,0,0,1,1,1,13.7715812861283,"6T"
334,1,43,"complex",57,0,0,0,1,1,1,12.9231369727882,"6T"
335,1,35,"simple",79,0,0,0,1,1,1,16.5103456984265,"6T"
336,2,79,"complex",56,0,0,0,1,1,1,4.23352014364936,"7T"
337,2,84,"simple",59,0,0,0,1,1,1,3.62351748513869,"7T"
338,1,85,"complex",17,0,0,0,1,1,1,4.60556724790485,"7T"
339,2,16,"simple",2,0,0,0,1,1,1,57.7901528300022,"3T"
340,1,46,"complex",40,0,0,0,1,1,1,12.727478474903,"6T"
341,1,33,"simple",38,0,0,0,1,1,1,21.0341948577587,"5T"
342,1,52,"complex",91,0,0,0,1,1,1,8.96346741869367,"7T"
343,2,84,"simple",1,0,0,0,1,1,1,5.43118290373042,"7T"
344,1,77,"complex",32,0,0,0,1,1,1,5.16068069810762,"7T"
345,2,65,"simple",31,0,0,0,1,1,1,7.36799988418582,"7T"
346,1,45,"complex",45,0,0,0,1,1,1,12.7873118609444,"6T"
347,1,52,"simple",34,0,0,0,1,1,1,10.812077717967,"6T"
348,1,29,"complex",85,0,0,0,1,1,1,21.0548649539352,"5T"
349,1,67,"simple",83,0,0,0,1,1,1,5.615547046246,"7T"
350,2,27,"complex",18,0,0,0,1,1,1,31.3160102900776,"4T"
351,1,31,"simple",79,0,0,0,1,1,1,19.4133515286711,"6T"
352,1,32,"complex",39,0,0,0,1,1,1,21.7662138674459,"5T"
353,1,87,"simple",45,0,0,0,1,1,1,3.56240828677104,"7T"
354,2,51,"complex",6,0,0,0,1,1,1,13.9470282748697,"6T"
355,1,92,"simple",6,0,0,0,1,1,1,4.12554674151247,"7T"
356,2,73,"complex",96,0,0,0,1,1,1,4.76873640422195,"7T"
357,1,90,"simple",20,0,0,0,1,1,1,3.89148185148738,"7T"
358,1,9,"complex",24,0,0,0,1,1,1,64.3600931732532,"2T"
359,1,91,"simple",59,0,0,0,1,1,1,2.96056367221507,"7T"
360,1,23,"complex",75,0,0,0,1,1,1,27.4341556180564,"5T"
361,2,5,"simple",44,0,0,0,1,1,1,65.4084015041753,"2TP"
362,1,26,"complex",76,0,0,0,1,1,1,24.0571589403322,"5T"
363,2,63,"simple",44,0,0,0,1,1,1,7.1807900873495,"7T"
364,1,54,"complex",37,0,0,0,1,1,1,9.92700356147953,"7T"
365,1,19,"simple",2,0,0,0,1,1,1,50.75142658499,"3T"
366,1,1,"complex",79,0,0,0,1,1,1,66.6513664832919,"2P"
367,1,9,"simple",34,0,0,0,1,1,1,59.8032979736731,"3T"
368,2,23,"complex",43,0,0,0,1,1,1,31.1094795735109,"4T"
369,2,52,"simple",86,0,0,0,1,1,1,8.93178121639917,"7T"
370,1,66,"complex",59,0,0,0,1,1,1,6.0910661886823,"7T"
371,2,9,"simple",55,0,0,0,1,1,1,52.9186196174877,"3TP"
372,2,13,"complex",20,0,0,0,1,1,1,56.4013836633695,"3T"
373,2,58,"simple",53,0,0,0,1,1,1,7.97259852905795,"7T"
374,1,7,"complex",40,0,0,0,1,1,1,62.1449160142567,"2TP"
375,1,75,"simple",52,0,0,0,1,1,1,4.83721158033315,"7T"
376,1,52,"complex",31,0,0,0,1,1,1,11.0435733818213,"6T"
377,2,8,"simple",28,0,0,0,1,1,1,64.9511394110037,"2T"
378,1,39,"complex",78,0,0,0,1,1,1,14.1540808047558,"6T"
379,2,56,"simple",98,0,0,0,1,1,1,7.97343092004561,"7T"
380,2,17,"complex",22,0,0,0,1,1,1,46.8178495236115,"3T"
381,1,51,"simple",99,0,0,0,1,1,1,9.39652136017653,"7T"
382,2,22,"complex",45,0,0,0,1,1,1,32.113036537791,"4T"
383,1,76,"simple",35,0,0,0,1,1,1,5.20070027151089,"7T"
384,2,11,"complex",79,0,0,0,1,1,1,45.6681108567121,"3TP"
385,2,45,"simple",16,0,0,0,1,1,1,15.7364107731845,"6T"
386,2,36,"complex",68,0,0,0,1,1,1,16.1850909006171,"6T"
387,2,7,"simple",53,0,0,0,1,1,1,57.7677911644648,"3TP"
388,1,99,"complex",99,0,0,0,1,1,1,2.2549397052521,"7T"
389,2,79,"simple",2,0,0,0,1,1,1,6.21093028659531,"7T"
390,2,72,"complex",36,0,0,0,1,1,1,5.79578272473496,"7T"
391,1,57,"simple",51,0,0,0,1,1,1,8.30790101818906,"7T"
392,2,21,"complex",63,0,0,0,1,1,1,30.8432286176714,"4T"
393,1,54,"simple",32,0,0,0,1,1,1,10.2745657030285,"6T"
394,1,38,"complex",70,0,0,0,1,1,1,14.9039156001223,"6T"
395,1,93,"simple",93,0,0,0,1,1,1,2.66782738995646,"7T"
396,2,0,"complex",69,0,0,0,1,1,1,70.1437342499835,"2P"
397,2,7,"simple",4,0,0,0,1,1,1,82.1329685713844,"1T"
398,2,72,"complex",50,0,0,0,1,1,1,5.32782543588234,"7T"
399,1,22,"simple",41,0,0,0,1,1,1,32.8970056154453,"4T"
400,2,44,"complex",54,0,0,0,1,1,1,12.6363751451216,"6T"
401,1,1,"simple",62,0,0,0,1,1,1,69.2470192469873,"2P"
402,2,87,"complex",72,0,0,0,1,1,1,3.19595526687781,"7T"
403,1,95,"simple",49,0,0,0,1,1,1,2.75771480893357,"7T"
404,2,88,"complex",60,0,0,0,1,1,1,3.21723762974561,"7T"
405,1,59,"simple",47,0,0,0,1,1,1,7.97409698585792,"7T"
406,1,22,"complex",7,0,0,0,1,1,1,42.6301005006466,"4T"
407,1,6,"simple",74,0,0,0,1,1,1,55.9791111264126,"3TP"
408,1,33,"complex",100,0,0,0,1,1,1,18.2164233764242,"6T"
409,1,5,"simple",4,0,0,0,1,1,1,88.595023101442,"1T"
410,2,65,"complex",57,0,0,0,1,1,1,6.32690461395283,"7T"
411,2,20,"simple",58,0,0,0,1,1,1,32.8350749487401,"4T"
412,2,0,"complex",75,0,0,0,1,1,1,69.2992173691331,"2P"
413,1,54,"simple",59,0,0,0,1,1,1,8.81270885674139,"7T"
414,1,57,"complex",32,0,0,0,1,1,1,9.33952227851994,"7T"
415,2,21,"simple",19,0,0,0,1,1,1,40.2884012060537,"4T"
416,1,19,"complex",37,0,0,0,1,1,1,38.4778783900612,"4T"
417,2,86,"simple",35,0,0,0,1,1,1,3.90643690871255,"7T"
418,2,89,"complex",97,0,0,0,1,1,1,3.01966513746711,"7T"
419,2,82,"simple",80,0,0,0,1,1,1,3.64847104480109,"7T"
420,1,43,"complex",9,0,0,0,1,1,1,17.9219052888739,"6T"
421,2,23,"simple",97,0,0,0,1,1,1,27.6092793503452,"5T"
422,2,75,"complex",13,0,0,0,1,1,1,6.33720424004622,"7T"
423,1,22,"simple",60,0,0,0,1,1,1,29.8502167006625,"5T"
424,1,59,"complex",7,0,0,0,1,1,1,10.7068115677488,"6T"
425,1,15,"simple",20,0,0,0,1,1,1,51.8304171859293,"3T"
426,2,97,"complex",12,0,0,0,1,1,1,3.37893078146616,"7T"
427,2,19,"simple",19,0,0,0,1,1,1,43.9613720673799,"4T"
428,2,56,"complex",42,0,0,0,1,1,1,9.01942760385923,"7T"
429,2,61,"simple",23,0,0,0,1,1,1,8.8254960448837,"7T"
430,1,70,"complex",22,0,0,0,1,1,1,6.80631722774152,"7T"
431,1,19,"simple",72,0,0,0,1,1,1,32.838680574804,"4T"
432,1,71,"complex",78,0,0,0,1,1,1,5.01147309949901,"7T"
433,2,73,"simple",99,0,0,0,1,1,1,4.80002939171954,"7T"
434,1,89,"complex",44,0,0,0,1,1,1,3.38221399905091,"7T"
435,2,60,"simple",4,0,0,0,1,1,1,10.6552195104998,"6T"
436,2,13,"complex",35,0,0,0,1,1,1,50.4390517585857,"3T"
437,2,36,"simple",3,0,0,0,1,1,1,24.5645544293603,"5T"
438,1,53,"complex",20,0,0,0,1,1,1,11.6213310929639,"6T"
439,2,73,"simple",5,0,0,0,1,1,1,7.18656250370032,"7T"
440,2,92,"complex",23,0,0,0,1,1,1,3.58500894781405,"7T"
442,2,44,"complex",17,0,0,0,1,1,1,16.1723449803333,"6T"
443,2,25,"simple",23,0,0,0,1,1,1,32.7979713149146,"4T"
444,2,31,"complex",30,0,0,0,1,1,1,24.1282189577816,"5T"
445,1,38,"simple",6,0,0,0,1,1,1,22.1478548359376,"5T"
446,2,71,"complex",98,0,0,0,1,1,1,5.07403310028548,"7T"
447,2,21,"simple",99,0,0,0,1,1,1,30.2625217440728,"4T"
448,1,15,"complex",78,0,0,0,1,1,1,38.6708658051,"4TP"
449,1,85,"simple",5,0,0,0,1,1,1,5.09628437226658,"7T"
450,2,21,"complex",2,0,0,0,1,1,1,46.5111469428603,"3T"
451,2,93,"simple",87,0,0,0,1,1,1,2.65255546974014,"7T"
452,1,97,"complex",2,0,0,0,1,1,1,3.68249815018984,"7T"
453,2,50,"simple",44,0,0,0,1,1,1,10.8320130219974,"6T"
454,2,68,"complex",97,0,0,0,1,1,1,5.52607068258404,"7T"
455,2,34,"simple",79,0,0,0,1,1,1,17.1815541233847,"6T"
456,2,6,"complex",55,0,0,0,1,1,1,59.4563766975538,"3TP"
457,1,17,"simple",36,0,0,0,1,1,1,42.2488858006988,"4T"
458,1,24,"complex",61,0,0,0,1,1,1,27.2577214415828,"5T"
459,2,27,"simple",37,0,0,0,1,1,1,27.1895911320019,"5T"
460,1,31,"complex",37,0,0,0,1,1,1,22.9792176508985,"5T"
461,1,47,"simple",60,0,0,0,1,1,1,11.0845356685418,"6T"
462,1,48,"complex",88,0,0,0,1,1,1,10.2209711513206,"6T"
463,2,24,"simple",38,0,0,0,1,1,1,30.7385656590612,"4T"
464,1,12,"complex",49,0,0,0,1,1,1,48.2635796203588,"3TP"
465,2,90,"simple",88,0,0,0,1,1,1,2.89740819316949,"7T"
466,2,50,"complex",84,0,0,0,1,1,1,9.54144444102375,"7T"
467,1,89,"simple",8,0,0,0,1,1,1,4.42545923322509,"7T"
468,2,8,"complex",23,0,0,0,1,1,1,67.4713688709237,"2T"
469,2,80,"simple",20,0,0,0,1,1,1,5.18670396526495,"7T"
470,2,97,"complex",52,0,0,0,1,1,1,2.55762877437522,"7T"
471,2,10,"simple",56,0,0,0,1,1,1,50.6134490405847,"3TP"
472,1,12,"complex",66,0,0,0,1,1,1,44.9430512018147,"4TP"
473,1,59,"simple",99,0,0,0,1,1,1,7.27600177803678,"7T"
474,2,93,"complex",16,0,0,0,1,1,1,3.68186075081639,"7T"
475,2,87,"simple",65,0,0,0,1,1,1,3.2540659398789,"7T"
476,2,28,"complex",25,0,0,0,1,1,1,28.3998840986033,"5T"
477,2,37,"simple",22,0,0,0,1,1,1,20.158698257497,"5T"
478,2,29,"complex",42,0,0,0,1,1,1,24.1917805263344,"5T"
479,1,13,"simple",99,0,0,0,1,1,1,42.7064063401735,"4TP"
480,2,96,"complex",51,0,0,0,1,1,1,2.64887496883119,"7T"
481,2,75,"simple",49,0,0,0,1,1,1,4.91246204818119,"7T"
482,2,2,"complex",12,0,0,0,1,1,1,92.2134786785675,"1"
483,2,40,"simple",1,0,0,0,1,1,1,21.4494973136099,"5T"
484,1,32,"complex",8,0,0,0,1,1,1,27.6118728343881,"5T"
485,2,14,"simple",48,0,0,0,1,1,1,44.629241901404,"4T"
486,2,34,"complex",90,0,0,0,1,1,1,17.1894260515897,"6T"
487,1,33,"simple",83,0,0,0,1,1,1,17.8491147166068,"6T"
488,1,63,"complex",74,0,0,0,1,1,1,6.38069470421771,"7T"
489,2,0,"simple",79,0,0,0,1,1,1,68.9660066277676,"2P"
490,1,7,"complex",63,0,0,0,1,1,1,55.4264864827626,"3TP"
491,1,94,"simple",36,0,0,0,1,1,1,3.07405385629636,"7T"
492,1,2,"complex",32,0,0,0,1,1,1,78.8616405024284,"2"
493,1,79,"simple",9,0,0,0,1,1,1,5.84557170052835,"7T"
494,2,46,"complex",54,0,0,0,1,1,1,11.7748584543172,"6T"
495,1,3,"simple",61,0,0,0,1,1,1,64.7796130974453,"2P"
496,2,80,"complex",13,0,0,0,1,1,1,5.49217361401667,"7T"
497,1,55,"simple",2,0,0,0,1,1,1,12.6801538600843,"6T"
498,2,34,"complex",58,0,0,0,1,1,1,18.1283322460191,"6T"
499,1,83,"simple",80,0,0,0,1,1,1,3.54561682435694,"7T"
500,2,26,"complex",61,0,0,0,1,1,1,25.0008706481145,"5T"
501,1,68,"simple",37,0,0,0,1,1,1,6.46836371233854,"7T"
502,1,91,"complex",100,0,0,0,1,1,1,2.86914985985748,"7T"
503,1,0,"simple",71,0,0,0,1,1,1,69.8162685205265,"2P"
504,2,88,"complex",88,0,0,0,1,1,1,3.07026632973154,"7T"
505,1,52,"simple",8,0,0,0,1,1,1,13.2642169724666,"6T"
506,2,44,"complex",21,0,0,0,1,1,1,15.6606952909757,"6T"
507,2,51,"simple",57,0,0,0,1,1,1,9.80106223192759,"7T"
508,2,87,"complex",94,0,0,0,1,1,1,3.18146054160628,"7T"
509,2,75,"simple",9,0,0,0,1,1,1,6.55496608788176,"7T"
510,2,1,"complex",32,0,0,0,1,1,1,81.6561827493181,"1P"
511,1,88,"simple",36,0,0,0,1,1,1,3.66276038711337,"7T"
512,1,30,"complex",96,0,0,0,1,1,1,20.4226991415575,"5T"
513,1,73,"simple",82,0,0,0,1,1,1,4.71638461353876,"7T"
514,1,43,"complex",35,0,0,0,1,1,1,14.6330814999784,"6T"
515,2,20,"simple",82,0,0,0,1,1,1,31.061887588072,"4T"
516,2,87,"complex",10,0,0,0,1,1,1,4.60932279431639,"7T"
517,1,88,"simple",2,0,0,0,1,1,1,4.7988434189496,"7T"
518,1,79,"complex",57,0,0,0,1,1,1,4.215127942735,"7T"
519,1,29,"simple",29,0,0,0,1,1,1,26.419878308542,"5T"
520,2,86,"complex",54,0,0,0,1,1,1,3.49673908374476,"7T"
521,2,74,"simple",41,0,0,0,1,1,1,5.29589539349657,"7T"
522,1,83,"complex",46,0,0,0,1,1,1,3.97274615146346,"7T"
523,1,69,"simple",77,0,0,0,1,1,1,5.31794984342175,"7T"
524,2,33,"complex",67,0,0,0,1,1,1,18.2901831233113,"6T"
525,2,22,"simple",87,0,0,0,1,1,1,28.4711438268873,"5T"
526,2,3,"complex",6,0,0,0,1,1,1,93.6697419825608,"1"
527,1,52,"simple",93,0,0,0,1,1,1,8.98657970732944,"7T"
528,2,2,"complex",15,0,0,0,1,1,1,89.9372315676431,"1"
529,1,29,"simple",15,0,0,0,1,1,1,29.4838423598777,"5T"
530,2,18,"complex",40,0,0,0,1,1,1,39.4116017875257,"4T"
531,2,89,"simple",91,0,0,0,1,1,1,2.9905617295096,"7T"
532,2,82,"complex",1,0,0,0,1,1,1,5.75101843629572,"7T"
533,1,45,"simple",69,0,0,0,1,1,1,11.5499673943969,"6T"
534,2,46,"complex",97,0,0,0,1,1,1,11.0875654888112,"6T"
535,2,1,"simple",21,0,0,0,1,1,1,88.7102508636927,"1"
536,2,94,"complex",89,0,0,0,1,1,1,2.57861651775527,"7T"
537,2,10,"simple",66,0,0,0,1,1,1,48.7711591252786,"3TP"
538,2,68,"complex",64,0,0,0,1,1,1,5.63873615260714,"7T"
539,1,2,"simple",53,0,0,0,1,1,1,69.4590508499833,"2P"
540,1,97,"complex",59,0,0,0,1,1,1,2.47854407158802,"7T"
541,1,44,"simple",74,0,0,0,1,1,1,11.8424359730452,"6T"
542,1,62,"complex",85,0,0,0,1,1,1,6.51950857603485,"7T"
543,2,39,"simple",7,0,0,0,1,1,1,21.1374752451636,"5T"
544,1,7,"complex",9,0,0,0,1,1,1,78.6656078250376,"2T"
545,1,84,"simple",92,0,0,0,1,1,1,3.45763050352471,"7T"
546,2,11,"complex",64,0,0,0,1,1,1,47.1232362072309,"3TP"
547,1,7,"simple",20,0,0,0,1,1,1,71.8223087061178,"2T"
548,1,27,"complex",44,0,0,0,1,1,1,26.0175847634415,"5T"
549,1,51,"simple",1,0,0,0,1,1,1,14.5692506669415,"6T"
550,2,75,"complex",90,0,0,0,1,1,1,4.46300308163585,"7T"
551,1,79,"simple",13,0,0,0,1,1,1,5.65137656998214,"7T"
552,1,93,"complex",46,0,0,0,1,1,1,2.97470445051303,"7T"
553,2,57,"simple",84,0,0,0,1,1,1,7.60586512919842,"7T"
554,2,1,"complex",49,0,0,0,1,1,1,73.3972875758881,"2P"
555,2,45,"simple",48,0,0,0,1,1,1,12.5730469360318,"6T"
556,2,89,"complex",69,0,0,0,1,1,1,3.0370774322075,"7T"
557,2,33,"simple",85,0,0,0,1,1,1,17.8476246208666,"6T"
558,2,70,"complex",11,0,0,0,1,1,1,7.44628794376634,"7T"
559,1,77,"simple",79,0,0,0,1,1,1,4.21237448202529,"7T"
560,1,23,"complex",0,0,0,0,1,1,1,43.382923722084,"4T"
561,2,97,"simple",69,0,0,0,1,1,1,2.39896815951249,"7T"
562,2,42,"complex",5,0,0,0,1,1,1,19.2360305121029,"6T"
563,1,26,"simple",13,0,0,0,1,1,1,34.0605030579243,"4T"
564,1,92,"complex",22,0,0,0,1,1,1,3.61315839648235,"7T"
565,1,21,"simple",99,0,0,0,1,1,1,30.2625217440728,"4T"
566,1,66,"complex",24,0,0,0,1,1,1,7.53603154420355,"7T"
567,1,57,"simple",57,0,0,0,1,1,1,8.07738177081597,"7T"
568,1,58,"complex",66,0,0,0,1,1,1,7.57653822684259,"7T"
569,2,52,"simple",60,0,0,0,1,1,1,9.36793246594448,"7T"
570,2,91,"complex",74,0,0,0,1,1,1,2.83558843376591,"7T"
571,2,97,"simple",88,0,0,0,1,1,1,2.35603646394892,"7T"
572,2,10,"complex",10,0,0,0,1,1,1,69.2938726076928,"2T"
573,1,97,"simple",85,0,0,0,1,1,1,2.35338393349483,"7T"
574,2,88,"complex",68,0,0,0,1,1,1,3.1342782198242,"7T"
575,2,6,"simple",66,0,0,0,1,1,1,57.0354956029085,"3TP"
576,1,69,"complex",27,0,0,0,1,1,1,6.74364402418262,"7T"
577,2,47,"simple",2,0,0,0,1,1,1,16.5337339565121,"6T"
578,1,51,"complex",39,0,0,0,1,1,1,10.8066352612373,"6T"
579,2,63,"simple",75,0,0,0,1,1,1,6.37039644683659,"7T"
580,2,84,"complex",50,0,0,0,1,1,1,3.77733995948753,"7T"
581,1,60,"simple",63,0,0,0,1,1,1,7.19055198469164,"7T"
582,1,36,"complex",52,0,0,0,1,1,1,17.2111206746603,"6T"
583,1,16,"simple",43,0,0,0,1,1,1,42.1770678913021,"4T"
584,1,25,"complex",10,0,0,0,1,1,1,36.4711522448079,"4T"
585,1,81,"simple",33,0,0,0,1,1,1,4.57066255855461,"7T"
586,2,57,"complex",91,0,0,0,1,1,1,7.63475941541386,"7T"
587,1,99,"simple",72,0,0,0,1,1,1,2.24245797707902,"7T"
588,1,46,"complex",43,0,0,0,1,1,1,12.4932051908057,"6T"
589,1,76,"simple",21,0,0,0,1,1,1,5.76942812384257,"7T"
590,2,79,"complex",81,0,0,0,1,1,1,3.97254972555204,"7T"
591,2,41,"simple",55,0,0,0,1,1,1,14.0263932334475,"6T"
592,1,50,"complex",7,0,0,0,1,1,1,14.2954370423261,"6T"
593,1,77,"simple",95,0,0,0,1,1,1,4.24325364884283,"7T"
594,2,5,"complex",43,0,0,0,1,1,1,65.8004574501476,"2TP"
595,2,14,"simple",70,0,0,0,1,1,1,40.8986657609227,"4TP"
596,1,66,"complex",50,0,0,0,1,1,1,6.34963893640835,"7T"
597,2,28,"simple",8,0,0,0,1,1,1,32.6238797579004,"4T"
598,1,33,"complex",25,0,0,0,1,1,1,23.0778614858622,"5T"
599,2,6,"simple",49,0,0,0,1,1,1,61.2494503512134,"2TP"
600,2,90,"complex",54,0,0,0,1,1,1,3.1151185394623,"7T"
601,2,4,"simple",35,0,0,0,1,1,1,71.8854161543347,"2P"
602,2,25,"complex",9,0,0,0,1,1,1,36.7828982278047,"4T"
603,2,24,"simple",56,0,0,0,1,1,1,27.8184454864034,"5T"
604,2,24,"complex",69,0,0,0,1,1,1,26.5870301572505,"5T"
605,1,85,"simple",5,0,0,0,1,1,1,5.09628437226658,"7T"
606,2,44,"complex",71,0,0,0,1,1,1,11.9115380860732,"6T"
607,2,24,"simple",93,0,0,0,1,1,1,26.2473293802951,"5T"
608,1,55,"complex",24,0,0,0,1,1,1,10.5591271698743,"6T"
609,1,12,"simple",56,0,0,0,1,1,1,46.6407375286766,"3TP"
610,1,57,"complex",54,0,0,0,1,1,1,8.18692604125442,"7T"
611,1,78,"simple",56,0,0,0,1,1,1,4.35629759116023,"7T"
612,2,14,"complex",70,0,0,0,1,1,1,40.8986657609227,"4TP"
613,1,55,"simple",5,0,0,0,1,1,1,12.3523588261215,"6T"
614,1,40,"complex",67,0,0,0,1,1,1,13.9247312043802,"6T"
615,2,30,"simple",41,0,0,0,1,1,1,23.3432378136946,"5T"
616,1,7,"complex",13,0,0,0,1,1,1,76.0522658349462,"2T"
617,2,15,"simple",98,0,0,0,1,1,1,39.1536079743481,"4TP"
618,2,82,"complex",85,0,0,0,1,1,1,3.64314814012747,"7T"
619,2,36,"simple",8,0,0,0,1,1,1,23.5233193160009,"5T"
620,2,60,"complex",6,0,0,0,1,1,1,10.4718180567154,"6T"
621,1,61,"simple",69,0,0,0,1,1,1,6.85093264390859,"7T"
622,2,59,"complex",86,0,0,0,1,1,1,7.14801765554413,"7T"
623,1,90,"simple",86,0,0,0,1,1,1,2.8947502421699,"7T"
624,1,91,"complex",43,0,0,0,1,1,1,3.21027945408815,"7T"
625,1,97,"simple",92,0,0,0,1,1,1,2.3650747157703,"7T"
626,1,28,"complex",55,0,0,0,1,1,1,23.5313325587845,"5T"
627,2,98,"simple",46,0,0,0,1,1,1,2.56209268872007,"7T"
628,1,22,"complex",48,0,0,0,1,1,1,31.5749486709032,"4T"
629,1,20,"simple",70,0,0,0,1,1,1,31.5751786651286,"4T"
630,2,38,"complex",24,0,0,0,1,1,1,19.0973243426954,"6T"
631,1,5,"simple",95,0,0,0,1,1,1,58.1710006488305,"3TP"
632,1,32,"complex",33,0,0,0,1,1,1,22.6648297021177,"5T"
633,2,80,"simple",0,0,0,0,1,1,1,6.14320882223782,"7T"
634,2,51,"complex",43,0,0,0,1,1,1,10.5400235614654,"6T"
635,1,41,"simple",98,0,0,0,1,1,1,13.2978842909422,"6T"
636,2,63,"complex",58,0,0,0,1,1,1,6.68911431046819,"7T"
637,1,29,"simple",68,0,0,0,1,1,1,21.518063189125,"5T"
638,1,52,"complex",1,0,0,0,1,1,1,14.0966321375628,"6T"
639,1,71,"simple",98,0,0,0,1,1,1,5.07403310028548,"7T"
640,2,65,"complex",35,0,0,0,1,1,1,7.16405862241556,"7T"
641,2,25,"simple",69,0,0,0,1,1,1,25.459950488062,"5T"
642,1,86,"complex",99,0,0,0,1,1,1,3.30755389225437,"7T"
643,2,3,"simple",0,0,0,0,1,1,1,98.7154877364688,"1"
644,1,24,"complex",2,0,0,0,1,1,1,40.8120003531071,"4T"
645,1,79,"simple",85,0,0,0,1,1,1,3.96923581557707,"7T"
646,2,18,"complex",17,0,0,0,1,1,1,46.6646374778019,"3T"
647,1,19,"simple",87,0,0,0,1,1,1,32.4528050967361,"4T"
648,1,31,"complex",26,0,0,0,1,1,1,24.8559467384102,"5T"
649,2,67,"simple",91,0,0,0,1,1,1,5.63617434285694,"7T"
650,2,45,"complex",62,0,0,0,1,1,1,11.798287671351,"6T"
651,2,36,"simple",91,0,0,0,1,1,1,15.8961894777639,"6T"
652,1,25,"complex",95,0,0,0,1,1,1,25.2159753750751,"5T"
653,1,68,"simple",84,0,0,0,1,1,1,5.45209840304332,"7T"
654,2,49,"complex",1,0,0,0,1,1,1,15.5779258459776,"6T"
655,1,52,"simple",9,0,0,0,1,1,1,13.1512649818631,"6T"
656,1,51,"complex",37,0,0,0,1,1,1,10.9491877596787,"6T"
657,2,66,"simple",34,0,0,0,1,1,1,7.00246873110958,"7T"
658,2,82,"complex",68,0,0,0,1,1,1,3.72329587760923,"7T"
659,2,100,"simple",32,0,0,0,1,1,1,2.63736262698743,"7T"
660,1,4,"complex",5,0,0,0,1,1,1,91.1264005761048,"1"
661,1,40,"simple",18,0,0,0,1,1,1,18.5663082481012,"6T"
662,2,51,"complex",72,0,0,0,1,1,1,9.3445089604139,"7T"
663,2,17,"simple",17,0,0,0,1,1,1,48.7301985933564,"3T"
664,1,80,"complex",75,0,0,0,1,1,1,3.88479457731193,"7T"
665,1,66,"simple",31,0,0,0,1,1,1,7.15239746727039,"7T"
666,1,26,"complex",83,0,0,0,1,1,1,23.9243402563022,"5T"
667,2,86,"simple",76,0,0,0,1,1,1,3.26700452076451,"7T"
668,1,64,"complex",71,0,0,0,1,1,1,6.22807596013665,"7T"
669,2,61,"simple",74,0,0,0,1,1,1,6.77939049184664,"7T"
670,1,31,"complex",96,0,0,0,1,1,1,19.5920491304267,"6T"
671,2,73,"simple",72,0,0,0,1,1,1,4.77345987327492,"7T"
672,2,73,"complex",75,0,0,0,1,1,1,4.74807122320946,"7T"
673,2,6,"simple",99,0,0,0,1,1,1,56.5003534773509,"3TP"
674,1,6,"complex",30,0,0,0,1,1,1,69.1283179199163,"2T"
675,1,6,"simple",46,0,0,0,1,1,1,62.2710853400792,"2TP"
676,1,91,"complex",4,0,0,0,1,1,1,4.32238305656926,"7T"
677,2,64,"simple",19,0,0,0,1,1,1,8.32007397966472,"7T"
678,1,36,"complex",65,0,0,0,1,1,1,16.3259055538009,"6T"
679,2,100,"simple",8,0,0,0,1,1,1,3.19040718460473,"7T"
680,1,90,"complex",97,0,0,0,1,1,1,2.93329053132138,"7T"
681,2,71,"simple",70,0,0,0,1,1,1,5.07987203271128,"7T"
682,2,75,"complex",33,0,0,0,1,1,1,5.42676648042013,"7T"
683,2,71,"simple",46,0,0,0,1,1,1,5.60537603301165,"7T"
685,1,13,"simple",43,0,0,0,1,1,1,47.9035285290395,"3T"
686,2,59,"complex",23,0,0,0,1,1,1,9.38460730700818,"7T"
687,1,48,"simple",50,0,0,0,1,1,1,11.2088875452691,"6T"
688,2,42,"complex",79,0,0,0,1,1,1,12.6478942194388,"6T"
689,2,26,"simple",95,0,0,0,1,1,1,24.1520294327,"5T"
690,1,99,"complex",12,0,0,0,1,1,1,3.17997441833997,"7T"
691,1,36,"simple",87,0,0,0,1,1,1,15.8459457512174,"6T"
692,2,23,"complex",8,0,0,0,1,1,1,40.4626786949508,"4T"
693,2,6,"simple",0,0,0,0,1,1,1,88.3795350667268,"1T"
694,2,74,"complex",95,0,0,0,1,1,1,4.62470591099856,"7T"
695,1,90,"simple",70,0,0,0,1,1,1,2.94307662298415,"7T"
696,1,18,"complex",39,0,0,0,1,1,1,39.6647297634146,"4T"
697,2,23,"simple",18,0,0,0,1,1,1,37.2217525552258,"4T"
698,1,75,"complex",20,0,0,0,1,1,1,5.98473476451209,"7T"
699,2,58,"simple",18,0,0,0,1,1,1,10.0729183151783,"6T"
700,1,51,"complex",0,0,0,0,1,1,1,14.6983184696335,"6T"
701,1,12,"simple",81,0,0,0,1,1,1,43.7656235903421,"4TP"
702,1,30,"complex",74,0,0,0,1,1,1,20.3670698304572,"5T"
703,2,75,"simple",40,0,0,0,1,1,1,5.17834703462444,"7T"
704,1,85,"complex",79,0,0,0,1,1,1,3.35086106315185,"7T"
705,1,36,"simple",40,0,0,0,1,1,1,18.4249033204482,"6T"
706,2,25,"complex",3,0,0,0,1,1,1,38.7409549371086,"4T"
707,1,37,"simple",92,0,0,0,1,1,1,15.3072326063825,"6T"
708,1,98,"complex",16,0,0,0,1,1,1,3.17116159520491,"7T"
709,1,87,"simple",30,0,0,0,1,1,1,3.93202379252672,"7T"
710,1,53,"complex",44,0,0,0,1,1,1,9.81156404732369,"7T"
711,1,5,"simple",88,0,0,0,1,1,1,57.6827346516433,"3TP"
712,2,16,"complex",37,0,0,0,1,1,1,43.8143836018499,"4T"
713,1,77,"simple",62,0,0,0,1,1,1,4.37642005292487,"7T"
714,2,21,"complex",16,0,0,0,1,1,1,41.2823033665528,"4T"
715,1,20,"simple",32,0,0,0,1,1,1,38.1261208690515,"4T"
716,1,44,"complex",13,0,0,0,1,1,1,16.715360167908,"6T"
717,1,87,"simple",12,0,0,0,1,1,1,4.5321054372972,"7T"
718,1,56,"complex",30,0,0,0,1,1,1,9.77836504885586,"7T"
719,1,21,"simple",84,0,0,0,1,1,1,29.7227621405519,"5T"
720,1,75,"complex",33,0,0,0,1,1,1,5.42676648042013,"7T"
721,2,96,"simple",90,0,0,0,1,1,1,2.43172087865665,"7T"
722,2,21,"complex",3,0,0,0,1,1,1,46.1053966226126,"3T"
723,1,100,"simple",57,0,0,0,1,1,1,2.28095015686772,"7T"
724,1,16,"complex",12,0,0,0,1,1,1,53.0262116364843,"3T"
725,1,0,"simple",86,0,0,0,1,1,1,68.825253817007,"2P"
726,2,87,"complex",21,0,0,0,1,1,1,4.21071783702146,"7T"
727,2,3,"simple",82,0,0,0,1,1,1,62.0083342828989,"2P"
728,2,55,"complex",42,0,0,0,1,1,1,9.31086744336925,"7T"
729,2,27,"simple",79,0,0,0,1,1,1,22.9703682077162,"5T"
730,2,21,"complex",45,0,0,0,1,1,1,33.545749097105,"4T"
731,2,31,"simple",70,0,0,0,1,1,1,19.6971653621688,"6T"
732,1,48,"complex",71,0,0,0,1,1,1,10.3586316316589,"6T"
733,1,21,"simple",66,0,0,0,1,1,1,30.5491526979366,"4T"
734,2,43,"complex",94,0,0,0,1,1,1,12.2652706165714,"6T"
735,2,75,"simple",100,0,0,0,1,1,1,4.54289864047765,"7T"
736,1,98,"complex",94,0,0,0,1,1,1,2.30130825604867,"7T"
737,1,60,"simple",75,0,0,0,1,1,1,6.9788014107323,"7T"
738,1,3,"complex",1,0,0,0,1,1,1,97.8486544915541,"1"
739,1,51,"simple",15,0,0,0,1,1,1,12.9241177789724,"6T"
740,1,12,"complex",54,0,0,0,1,1,1,47.0678973142934,"3TP"
741,2,5,"simple",13,0,0,0,1,1,1,82.0359030698858,"1T"
742,2,19,"complex",94,0,0,0,1,1,1,32.6897461832171,"4T"
743,1,74,"simple",0,0,0,0,1,1,1,7.29512218899115,"7T"
744,2,7,"complex",6,0,0,0,1,1,1,80.7192665050147,"1T"
745,2,20,"simple",6,0,0,0,1,1,1,46.9220634534675,"3T"
746,1,59,"complex",23,0,0,0,1,1,1,9.38460730700818,"7T"
747,1,38,"simple",62,0,0,0,1,1,1,15.2612180079086,"6T"
748,2,66,"complex",11,0,0,0,1,1,1,8.37403902134226,"7T"
749,1,58,"simple",1,0,0,0,1,1,1,11.6371564801379,"6T"
750,2,49,"complex",53,0,0,0,1,1,1,10.6724137376163,"6T"
751,2,42,"simple",41,0,0,0,1,1,1,14.5896717948395,"6T"
752,2,16,"complex",43,0,0,0,1,1,1,42.1770678913021,"4T"
753,2,100,"simple",73,0,0,0,1,1,1,2.17048470712576,"7T"
754,2,12,"complex",64,0,0,0,1,1,1,45.2241734536908,"3TP"
755,1,59,"simple",28,0,0,0,1,1,1,9.03406804567869,"7T"
756,1,63,"complex",64,0,0,0,1,1,1,6.54177001220824,"7T"
757,1,68,"simple",78,0,0,0,1,1,1,5.46985174980616,"7T"
758,1,56,"complex",19,0,0,0,1,1,1,10.6398704647494,"6T"
759,2,92,"simple",36,0,0,0,1,1,1,3.2605495131901,"7T"
760,1,55,"complex",77,0,0,0,1,1,1,8.13872111578601,"7T"
761,2,98,"simple",37,0,0,0,1,1,1,2.70878393236794,"7T"
762,1,48,"complex",82,0,0,0,1,1,1,10.2132996689778,"6T"
763,1,65,"simple",41,0,0,0,1,1,1,6.88799179248119,"7T"
764,2,6,"complex",66,0,0,0,1,1,1,57.0354956029085,"3TP"
765,2,1,"simple",38,0,0,0,1,1,1,78.37483347336,"2P"
766,1,59,"complex",76,0,0,0,1,1,1,7.18680072231117,"7T"
767,2,7,"simple",45,0,0,0,1,1,1,60.2830213377709,"2TP"
768,1,40,"complex",8,0,0,0,1,1,1,20.1828907459346,"5T"
769,2,29,"simple",97,0,0,0,1,1,1,21.3396395836115,"5T"
770,1,58,"complex",44,0,0,0,1,1,1,8.36865883146718,"7T"
771,1,31,"simple",43,0,0,0,1,1,1,22.1204988699198,"5T"
772,1,33,"complex",81,0,0,0,1,1,1,17.8625255801466,"6T"
773,1,38,"simple",97,0,0,0,1,1,1,14.8543582481125,"6T"
774,2,54,"complex",89,0,0,0,1,1,1,8.38305917553399,"7T"
775,1,3,"simple",61,0,0,0,1,1,1,64.7796130974453,"2P"
776,2,40,"complex",88,0,0,0,1,1,1,13.603116372299,"6T"
777,2,33,"simple",23,0,0,0,1,1,1,23.4369746155878,"5T"
778,1,12,"complex",12,0,0,0,1,1,1,62.7851868710728,"2T"
779,1,41,"simple",89,0,0,0,1,1,1,13.1158936832006,"6T"
780,1,80,"complex",92,0,0,0,1,1,1,3.87658216230007,"7T"
781,2,87,"simple",8,0,0,0,1,1,1,4.68864847507785,"7T"
782,1,13,"complex",77,0,0,0,1,1,1,42.1285591887482,"4TP"
783,2,73,"simple",51,0,0,0,1,1,1,5.14956615520384,"7T"
784,2,90,"complex",78,0,0,0,1,1,1,2.90344899061904,"7T"
785,1,17,"simple",26,0,0,0,1,1,1,45.3942939227232,"3T"
786,1,82,"complex",82,0,0,0,1,1,1,3.64451688700248,"7T"
787,2,70,"simple",14,0,0,0,1,1,1,7.26144568059451,"7T"
788,2,97,"complex",32,0,0,0,1,1,1,2.88968628435994,"7T"
789,2,40,"simple",29,0,0,0,1,1,1,17.0501240318571,"6T"
790,2,9,"complex",72,0,0,0,1,1,1,50.009281147357,"3TP"
791,2,31,"simple",28,0,0,0,1,1,1,24.485614156708,"5T"
792,1,39,"complex",2,0,0,0,1,1,1,22.0768793218656,"5T"
793,2,23,"simple",45,0,0,0,1,1,1,30.7433117782312,"4T"
794,1,72,"complex",93,0,0,0,1,1,1,4.88356988078965,"7T"
795,1,93,"simple",97,0,0,0,1,1,1,2.68686195712197,"7T"
796,1,83,"complex",25,0,0,0,1,1,1,4.57796919517608,"7T"
797,2,50,"simple",69,0,0,0,1,1,1,9.72666493123075,"7T"
798,1,94,"complex",19,0,0,0,1,1,1,3.4886911782579,"7T"
799,1,57,"simple",78,0,0,0,1,1,1,7.63063165964011,"7T"
800,1,87,"complex",55,0,0,0,1,1,1,3.38188306654657,"7T"
801,1,66,"simple",59,0,0,0,1,1,1,6.0910661886823,"7T"
802,1,64,"complex",48,0,0,0,1,1,1,6.8115496847405,"7T"
803,1,100,"simple",6,0,0,0,1,1,1,3.24581923658961,"7T"
804,1,64,"complex",26,0,0,0,1,1,1,7.87702344351992,"7T"
805,2,94,"simple",8,0,0,0,1,1,1,3.82317316412044,"7T"
806,1,54,"complex",28,0,0,0,1,1,1,10.5777656416057,"6T"
807,2,7,"simple",10,0,0,0,1,1,1,77.9988934435992,"2T"
808,2,42,"complex",43,0,0,0,1,1,1,14.4116140571999,"6T"
809,2,72,"simple",24,0,0,0,1,1,1,6.32329821410766,"7T"
810,1,35,"complex",72,0,0,0,1,1,1,16.6788256292752,"6T"
811,2,60,"simple",86,0,0,0,1,1,1,6.93107074894726,"7T"
812,2,97,"complex",66,0,0,0,1,1,1,2.41871477472321,"7T"
813,2,36,"simple",37,0,0,0,1,1,1,18.7878481312597,"6T"
814,1,71,"complex",16,0,0,0,1,1,1,6.93790403478676,"7T"
815,2,58,"simple",50,0,0,0,1,1,1,8.09354001999122,"7T"
816,2,33,"complex",98,0,0,0,1,1,1,18.1285077136681,"6T"
817,1,80,"simple",87,0,0,0,1,1,1,3.85967424802589,"7T"
818,1,27,"complex",33,0,0,0,1,1,1,27.943502167527,"5T"
819,2,81,"simple",28,0,0,0,1,1,1,4.73889148415216,"7T"
820,2,28,"complex",75,0,0,0,1,1,1,22.1193609273991,"5T"
821,1,31,"simple",5,0,0,0,1,1,1,29.5255333313713,"5T"
822,1,13,"complex",98,0,0,0,1,1,1,42.6065963784268,"4TP"
823,1,39,"simple",75,0,0,0,1,1,1,14.2088548353092,"6T"
824,1,91,"complex",33,0,0,0,1,1,1,3.42737259159707,"7T"
825,1,52,"simple",77,0,0,0,1,1,1,8.96868632173068,"7T"
826,1,92,"complex",18,0,0,0,1,1,1,3.73031480632741,"7T"
827,1,42,"simple",30,0,0,0,1,1,1,15.7196535915387,"6T"
828,1,9,"complex",74,0,0,0,1,1,1,49.8237103026425,"3TP"
829,2,82,"simple",42,0,0,0,1,1,1,4.18593234502862,"7T"
831,2,55,"simple",38,0,0,0,1,1,1,9.55037093558014,"7T"
832,2,84,"complex",64,0,0,0,1,1,1,3.55816806795827,"7T"
833,2,31,"simple",5,0,0,0,1,1,1,29.5255333313713,"5T"
834,1,19,"complex",51,0,0,0,1,1,1,35.4260772183977,"4T"
835,2,71,"simple",54,0,0,0,1,1,1,5.3768234994676,"7T"
836,2,86,"complex",60,0,0,0,1,1,1,3.40804581085261,"7T"
837,2,67,"simple",80,0,0,0,1,1,1,5.62328228225359,"7T"
838,2,84,"complex",10,0,0,0,1,1,1,5.02400576541286,"7T"
839,1,86,"simple",65,0,0,0,1,1,1,3.34905257890461,"7T"
840,1,38,"complex",81,0,0,0,1,1,1,14.6683652119793,"6T"
841,2,80,"simple",86,0,0,0,1,1,1,3.85822499821647,"7T"
842,2,55,"complex",24,0,0,0,1,1,1,10.5591271698743,"6T"
843,1,35,"simple",4,0,0,0,1,1,1,25.3297543550305,"5T"
844,2,64,"complex",6,0,0,0,1,1,1,9.27613039985163,"7T"
845,2,6,"simple",50,0,0,0,1,1,1,60.9274384159672,"2TP"
846,1,8,"complex",44,0,0,0,1,1,1,58.3277619036862,"3TP"
847,2,57,"simple",23,0,0,0,1,1,1,9.98821487172858,"7T"
848,2,85,"complex",90,0,0,0,1,1,1,3.35239629899402,"7T"
849,2,81,"simple",30,0,0,0,1,1,1,4.66972200962602,"7T"
850,2,32,"complex",40,0,0,0,1,1,1,21.6273086563959,"5T"
851,1,70,"simple",86,0,0,0,1,1,1,5.14381027660916,"7T"
852,2,6,"complex",26,0,0,0,1,1,1,71.2132872857229,"2T"
853,1,43,"simple",81,0,0,0,1,1,1,12.1794177856463,"6T"
854,2,78,"complex",96,0,0,0,1,1,1,4.13123642601594,"7T"
855,1,100,"simple",43,0,0,0,1,1,1,2.45292477764278,"7T"
856,1,41,"complex",15,0,0,0,1,1,1,18.332957743214,"6T"
857,2,11,"simple",40,0,0,0,1,1,1,53.0122141073859,"3T"
858,2,61,"complex",65,0,0,0,1,1,1,6.92836650267332,"7T"
859,2,11,"simple",63,0,0,0,1,1,1,47.2811125526386,"3TP"
860,2,43,"complex",83,0,0,0,1,1,1,12.1702736974162,"6T"
861,1,52,"simple",61,0,0,0,1,1,1,9.33251847553155,"7T"
862,1,3,"complex",11,0,0,0,1,1,1,89.749585666201,"1"
863,2,72,"simple",60,0,0,0,1,1,1,5.09080810785501,"7T"
864,1,59,"complex",88,0,0,0,1,1,1,7.15458094393973,"7T"
865,2,13,"simple",73,0,0,0,1,1,1,42.3877148770783,"4TP"
866,2,25,"complex",84,0,0,0,1,1,1,24.9751281421309,"5T"
867,2,97,"simple",2,0,0,0,1,1,1,3.68249815018984,"7T"
868,1,8,"complex",91,0,0,0,1,1,1,51.5735469624511,"3TP"
869,2,35,"simple",5,0,0,0,1,1,1,25.1103866074548,"5T"
870,2,70,"complex",11,0,0,0,1,1,1,7.44628794376634,"7T"
871,2,98,"simple",35,0,0,0,1,1,1,2.74557588821851,"7T"
872,1,84,"complex",41,0,0,0,1,1,1,3.97769696395308,"7T"
873,1,20,"simple",0,0,0,0,1,1,1,49.4496331619334,"3T"
874,1,35,"complex",84,0,0,0,1,1,1,16.4725236735053,"6T"
875,2,14,"simple",64,0,0,0,1,1,1,41.5937416029759,"4TP"
876,1,95,"complex",29,0,0,0,1,1,1,3.13529821075386,"7T"
877,2,62,"simple",62,0,0,0,1,1,1,6.78867133657782,"7T"
878,1,64,"complex",1,0,0,0,1,1,1,9.68996881279623,"7T"
879,2,64,"simple",25,0,0,0,1,1,1,7.93724141690953,"7T"
880,1,12,"complex",70,0,0,0,1,1,1,44.4684292183072,"4TP"
881,2,18,"simple",12,0,0,0,1,1,1,48.6373387430329,"3T"
882,2,81,"complex",52,0,0,0,1,1,1,4.07411336710472,"7T"
883,2,88,"simple",29,0,0,0,1,1,1,3.84826684562943,"7T"
884,1,61,"complex",97,0,0,0,1,1,1,6.81165460075525,"7T"
885,2,77,"simple",86,0,0,0,1,1,1,4.20377744158012,"7T"
886,1,82,"complex",86,0,0,0,1,1,1,3.6439085551219,"7T"
887,2,41,"simple",94,0,0,0,1,1,1,13.1951388428208,"6T"
888,2,90,"complex",97,0,0,0,1,1,1,2.93329053132138,"7T"
889,1,78,"simple",2,0,0,0,1,1,1,6.39105513338505,"7T"
890,2,66,"complex",38,0,0,0,1,1,1,6.81608389325168,"7T"
891,2,36,"simple",47,0,0,0,1,1,1,17.6705863275661,"6T"
892,1,3,"complex",66,0,0,0,1,1,1,63.705774900054,"2P"
893,2,5,"simple",0,0,0,0,1,1,1,91.7603336851906,"1T"
894,2,3,"complex",76,0,0,0,1,1,1,62.3343670831719,"2P"
895,1,37,"simple",87,0,0,0,1,1,1,15.2404693170085,"6T"
896,2,51,"complex",20,0,0,0,1,1,1,12.4097729533805,"6T"
897,2,58,"simple",61,0,0,0,1,1,1,7.70424997926603,"7T"
898,1,44,"complex",85,0,0,0,1,1,1,11.7400080187791,"6T"
899,2,10,"simple",45,0,0,0,1,1,1,53.5551700359298,"3TP"
900,1,14,"complex",35,0,0,0,1,1,1,48.3614969714236,"3T"
901,2,81,"simple",30,0,0,0,1,1,1,4.66972200962602,"7T"
902,1,25,"complex",89,0,0,0,1,1,1,25.0220464347321,"5T"
903,2,0,"simple",19,0,0,0,1,1,1,93.2674108011637,"1"
904,2,11,"complex",72,0,0,0,1,1,1,46.1341313931485,"3TP"
905,2,59,"simple",24,0,0,0,1,1,1,9.31211280445078,"7T"
906,2,64,"complex",50,0,0,0,1,1,1,6.73928811670525,"7T"
907,1,31,"simple",56,0,0,0,1,1,1,20.659383204335,"5T"
908,1,22,"complex",10,0,0,0,1,1,1,41.5503612704988,"4T"
909,2,100,"simple",50,0,0,0,1,1,1,2.35815044282598,"7T"
910,2,1,"complex",63,0,0,0,1,1,1,69.0054986152446,"2P"
911,2,75,"simple",81,0,0,0,1,1,1,4.45464191826849,"7T"
912,1,43,"complex",45,0,0,0,1,1,1,13.7339128090844,"6T"
913,2,53,"simple",59,0,0,0,1,1,1,9.1025943018916,"7T"
914,2,51,"complex",2,0,0,0,1,1,1,14.441723972342,"6T"
915,2,32,"simple",21,0,0,0,1,1,1,24.7972962945139,"5T"
916,2,45,"complex",42,0,0,0,1,1,1,13.0186044620267,"6T"
917,1,95,"simple",62,0,0,0,1,1,1,2.60177912234809,"7T"
918,1,65,"complex",54,0,0,0,1,1,1,6.41270916915824,"7T"
919,2,59,"simple",96,0,0,0,1,1,1,7.22856710335221,"7T"
920,1,92,"complex",87,0,0,0,1,1,1,2.73163618879021,"7T"
921,2,36,"simple",70,0,0,0,1,1,1,16.1044364983534,"6T"
922,1,76,"complex",59,0,0,0,1,1,1,4.55505874795154,"7T"
923,1,77,"simple",37,0,0,0,1,1,1,4.98610813833937,"7T"
924,1,92,"complex",10,0,0,0,1,1,1,3.98650897884247,"7T"
925,2,28,"simple",48,0,0,0,1,1,1,24.3720974854547,"5T"
926,2,2,"complex",6,0,0,0,1,1,1,97.0555308369494,"1"
927,2,40,"simple",74,0,0,0,1,1,1,13.7063507621951,"6T"
928,1,60,"complex",83,0,0,0,1,1,1,6.93020291858719,"7T"
929,1,87,"simple",94,0,0,0,1,1,1,3.18146054160628,"7T"
930,1,84,"complex",15,0,0,0,1,1,1,4.81790375713872,"7T"
931,1,2,"simple",5,0,0,0,1,1,1,97.9000748180822,"1"
932,2,47,"complex",93,0,0,0,1,1,1,10.6333028836629,"6T"
933,1,78,"simple",53,0,0,0,1,1,1,4.41716640648874,"7T"
934,1,64,"complex",85,0,0,0,1,1,1,6.13838961729534,"7T"
935,2,78,"simple",5,0,0,0,1,1,1,6.22583977735525,"7T"
936,2,59,"complex",66,0,0,0,1,1,1,7.34491630365333,"7T"
937,1,34,"simple",13,0,0,0,1,1,1,24.407983070038,"5T"
938,1,39,"complex",18,0,0,0,1,1,1,19.2781030382765,"6T"
939,1,95,"simple",36,0,0,0,1,1,1,2.98416054520209,"7T"
940,1,69,"complex",66,0,0,0,1,1,1,5.44195208123777,"7T"
941,1,34,"simple",65,0,0,0,1,1,1,17.6724761125482,"6T"
942,2,49,"complex",10,0,0,0,1,1,1,14.4100448559024,"6T"
943,1,96,"simple",48,0,0,0,1,1,1,2.69109093888224,"7T"
944,1,62,"complex",40,0,0,0,1,1,1,7.58500120442491,"7T"
945,2,33,"simple",42,0,0,0,1,1,1,20.5067008830996,"5T"
946,1,70,"complex",32,0,0,0,1,1,1,6.31469262541324,"7T"
947,2,26,"simple",30,0,0,0,1,1,1,29.7993201323714,"5T"
948,1,38,"complex",37,0,0,0,1,1,1,17.3872897002537,"6T"
949,2,35,"simple",69,0,0,0,1,1,1,16.7922917053386,"6T"
950,2,18,"complex",31,0,0,0,1,1,1,41.8933872496321,"4T"
951,2,89,"simple",4,0,0,0,1,1,1,4.58117490244442,"7T"
952,2,24,"complex",37,0,0,0,1,1,1,30.9421683706213,"4T"
953,1,49,"simple",48,0,0,0,1,1,1,10.9504806398298,"6T"
954,1,11,"complex",9,0,0,0,1,1,1,67.1050556082793,"2T"
955,2,41,"simple",86,0,0,0,1,1,1,13.094579467712,"6T"
956,1,95,"complex",7,0,0,0,1,1,1,3.7433952365051,"7T"
957,2,95,"simple",60,0,0,0,1,1,1,2.62117981645879,"7T"
958,2,5,"complex",11,0,0,0,1,1,1,83.4261382653915,"1T"
959,2,85,"simple",62,0,0,0,1,1,1,3.48135608880912,"7T"
960,1,0,"complex",19,0,0,0,1,1,1,93.2674108011637,"1"
961,2,74,"simple",53,0,0,0,1,1,1,4.95399032331258,"7T"
962,1,96,"complex",56,0,0,0,1,1,1,2.58661400581545,"7T"
963,2,62,"simple",83,0,0,0,1,1,1,6.5200528889148,"7T"
964,2,63,"complex",42,0,0,0,1,1,1,7.26792918853537,"7T"
965,2,40,"simple",61,0,0,0,1,1,1,14.2004010615218,"6T"
966,2,27,"complex",12,0,0,0,1,1,1,32.9061119922758,"4T"
967,1,30,"simple",18,0,0,0,1,1,1,27.5887654667253,"5T"
968,2,65,"complex",70,0,0,0,1,1,1,6.05854775882892,"7T"
969,1,43,"simple",34,0,0,0,1,1,1,14.7341744771001,"6T"
970,2,85,"complex",85,0,0,0,1,1,1,3.34332445215468,"7T"
971,1,81,"simple",23,0,0,0,1,1,1,4.92276961214234,"7T"
972,2,61,"complex",48,0,0,0,1,1,1,7.45777842881551,"7T"
974,2,45,"complex",62,0,0,0,1,1,1,11.798287671351,"6T"
975,2,5,"simple",29,0,0,0,1,1,1,72.2994461996944,"2T"
976,1,13,"complex",79,0,0,0,1,1,1,42.0410065915183,"4TP"
977,2,93,"simple",98,0,0,0,1,1,1,2.69272725979101,"7T"
978,2,68,"complex",2,0,0,0,1,1,1,8.53162127973659,"7T"
979,2,65,"simple",83,0,0,0,1,1,1,5.95831809036674,"7T"
980,2,6,"complex",78,0,0,0,1,1,1,55.6733156206731,"3TP"
981,1,10,"simple",86,0,0,0,1,1,1,47.4637275765066,"3TP"
982,2,73,"complex",56,0,0,0,1,1,1,5.02852724181271,"7T"
983,2,54,"simple",73,0,0,0,1,1,1,8.4557153811858,"7T"
984,1,7,"complex",15,0,0,0,1,1,1,74.7991103755626,"2T"
985,2,97,"simple",50,0,0,0,1,1,1,2.58376111095322,"7T"
986,1,42,"complex",33,0,0,0,1,1,1,15.3861904319329,"6T"
987,1,0,"simple",42,0,0,0,1,1,1,79.0628666305201,"2P"
988,1,34,"complex",61,0,0,0,1,1,1,17.9157902182957,"6T"
989,2,85,"simple",100,0,0,0,1,1,1,3.4124100545008,"7T"
990,1,81,"complex",72,0,0,0,1,1,1,3.79555756500884,"7T"
991,2,87,"simple",87,0,0,0,1,1,1,3.15840075052991,"7T"
992,1,47,"complex",59,0,0,0,1,1,1,11.1282033575534,"6T"
993,2,14,"simple",35,0,0,0,1,1,1,48.3614969714236,"3T"
994,2,75,"complex",16,0,0,0,1,1,1,6.18168660639995,"7T"
995,2,67,"simple",49,0,0,0,1,1,1,6.19733056152831,"7T"
996,2,57,"complex",79,0,0,0,1,1,1,7.62332870831755,"7T"
997,1,6,"simple",44,0,0,0,1,1,1,62.9985079852623,"2TP"
998,1,33,"complex",64,0,0,0,1,1,1,18.4578189201399,"6T"
999,2,71,"simple",29,0,0,0,1,1,1,6.26830350049327,"7T"
1000,1,88,"complex",84,0,0,0,1,1,1,3.06668166378311,"7T"
